x,y
0.894547401878306,3.43636850469577
0.535877912089172,2.53969478022293
0.108591461604736,1.47147865401184
0.090080250562206,1.42520062640552
0.583633484590628,2.65908371147657
0.404866934476824,2.21216733619206
0.0663348036195779,1.36583700904894
0.540012212721637,2.55003053180409
0.99530551489224,3.6882637872306
0.709564710366337,2.97391177591584
0.99335140967432,3.6833785241858
0.951198041416331,3.57799510354083
0.846653520523875,3.31663380130969
0.436653101088783,2.29163275272196
0.745520894762837,3.06380223690709
0.633681276642569,2.78420319160642
0.357249166517169,2.09312291629292
0.334215484715167,2.03553871178792
0.379857015507229,2.14964253876807
0.173382721922073,1.63345680480518
0.282084750142919,1.9052118753573
0.0463264612696722,1.31581615317418
0.340669581825225,2.05167395456306
0.774881537898854,3.13720384474714
0.562006540392529,2.60501635098132
0.82193303286188,3.2548325821547
0.937670407322082,3.5441760183052
0.941432996160087,3.55358249040022
0.101252550772043,1.45313137693011
0.607368076502983,2.71842019125746
0.348667965898601,2.0716699147465
0.22718650997951,1.76796627494877
0.645075781571248,2.81268945392812
0.521194676179995,2.50298669044999
0.232460381105757,1.78115095276439
0.178200009827595,1.64550002456899
0.932433195380696,3.53108298845174
0.302164964052925,1.95541241013231
0.96695384102266,3.61738460255665
0.963951874507569,3.60987968626892
0.981186774084897,3.65296693521224
0.916646348273683,3.49161587068421
0.942500266685384,3.55625066671346
0.653281587945894,2.83320396986474
0.185087849937886,1.66271962484471
0.703413297749783,2.95853324437446
0.345215798050731,2.06303949512683
0.944639814060479,3.5615995351512
0.471942024990889,2.37985506247722
0.410558406454771,2.22639601613693
0.65626494803292,2.8406623700823
0.685264464321204,2.91316116080301
0.869323288029676,3.37330822007419
0.680579896401884,2.90144974100471
0.0527655002906758,1.33191375072669
0.743510261989902,3.05877565497475
0.807130322701824,3.21782580675456
0.640677435621935,2.80169358905484
0.147375861717097,1.56843965429274
0.768438114676829,3.12109528669207
0.711282988410109,2.97820747102527
0.841484062299823,3.30371015574956
0.0852051768848697,1.41301294221217
0.22996607340405,1.77491518351013
0.247244429889715,1.81811107472429
0.711265704925761,2.9781642623144
0.616997905828523,2.74249476457131
0.0684610950148018,1.371152737537
0.605854604675367,2.71463651168842
0.619600545437821,2.74900136359455
0.160921291523111,1.60230322880778
0.948200525226165,3.57050131306541
0.178560144816786,1.64640036204197
0.627081162122582,2.76770290530645
0.354637654663361,2.0865941366584
0.639596862084976,2.79899215521244
0.139722335217391,1.54930583804348
0.208587762996828,1.72146940749207
0.372770142449425,2.13192535612356
0.220154162133184,1.75038540533296
0.26102395600687,1.85255989001717
0.537884109438343,2.54471027359586
0.436895302700296,2.29223825675074
0.670824259366293,2.87706064841573
0.992470071647535,3.68117517911884
0.496974970911152,2.44243742727788
0.429299997365708,2.27324999341427
0.194812808742194,1.68703202185548
0.733912503688555,3.03478125922139
0.898055713576291,3.44513928394073
0.214178654464976,1.73544663616244
0.315822740698151,1.98955685174538
0.914285027382097,3.48571256845524
0.444179642221043,2.31044910555261
0.561326742899291,2.60331685724823
0.697544043277178,2.94386010819295
0.0591943627499018,1.34798590687475
0.869306109784779,3.37326527446195
0.847950223762519,3.3198755594063
0.254148780020954,1.83537195005239
0.594926660226158,2.6873166505654
0.100413329014747,1.45103332253687
0.62675194611156,2.7668798652789
0.821697357958973,3.25424339489743
0.655060750737349,2.83765187684337
0.0170357297253961,1.24258932431349
0.206493474639251,1.71623368659813
0.0611219494888196,1.35280487372205
0.236323610523866,1.79080902630967
0.0114742326603617,1.2286855816509
0.522911329531535,2.50727832382884
0.937232519005068,3.54308129751267
0.583614456273436,2.65903614068359
0.322002908830532,2.00500727207633
0.927554794087799,3.5188869852195
0.0788944154413857,1.39723603860346
0.0740235289903467,1.38505882247587
0.256760284424182,1.84190071106046
0.632389370180848,2.78097342545212
0.293582330594576,1.93395582648644
0.358908481597392,2.09727120399348
0.330023087714809,2.02505771928702
0.105451212779363,1.46362803194841
0.933287603749562,3.53321900937391
0.0887754764821266,1.42193869120532
0.0516958595494255,1.32923964887356
0.942872163347375,3.55718040836844
0.275682274380551,1.88920568595138
0.739015835215811,3.04753958803953
0.681469878964811,2.90367469741203
0.665034849506353,2.86258712376588
0.942333226996629,3.55583306749157
0.405520283805914,2.21380070951479
0.39665510337644,2.1916377584411
0.718124654478452,2.99531163619613
0.777766245779473,3.14441561444868
0.698211611573683,2.94552902893421
0.302476738254762,1.9561918456369
0.902343810490493,3.45585952622623
0.836880628874936,3.29220157218734
0.626375713211659,2.76593928302915
0.0456752260428272,1.31418806510707
0.257614364036179,1.84403591009045
0.0213783104072224,1.25344577601806
0.178156556178889,1.64539139044722
0.36215396056052,2.1053849014013
0.455833744004291,2.33958436001073
0.48656276915528,2.4164069228882
0.444248705377918,2.31062176344479
0.34019521825956,2.0504880456489
0.481299207304278,2.40324801826069
0.20494046304605,1.71235115761512
0.669094956791538,2.87273739197885
0.336622387793205,2.04155596948301
0.820333608808151,3.25083402202038
0.503323526356054,2.45830881589014
0.0729687260803621,1.38242181520091
0.698954210476463,2.94738552619116
0.410034343325549,2.22508585831387
0.206182933042842,1.71545733260711
0.772024593209859,3.13006148302465
0.167831798162233,1.61957949540558
0.834095985551409,3.28523996387852
0.182392447340485,1.65598111835121
0.691493135267633,2.92873283816908
0.262315163510998,1.8557879087775
0.278463241308212,1.89615810327053
0.506409758472075,2.46602439618019
0.396158472819328,2.19039618204832
0.729600952812285,3.02400238203071
0.839068474638773,3.29767118659693
0.822543341118164,3.25635835279541
0.251379028079742,1.82844757019936
0.680477803424223,2.90119450856056
0.23338435228606,1.78346088071515
0.738032821443879,3.0450820536097
0.0248664775979083,1.26216619399477
0.806029077063328,3.21507269265832
0.668003698190676,2.87000924547669
0.565998685344122,2.6149967133603
0.214589231281816,1.73647307820454
0.412830655189618,2.23207663797404
0.973148284467472,3.63287071116868
0.279151607434802,1.897879018587
0.342019375572921,2.0550484389323
0.076342560852106,1.39085640213026
0.420177257815458,2.25044314453865
0.539927273308824,2.54981818327206
0.0164773832152027,1.24119345803801
0.996589491607896,3.69147372901974
0.0782701191856852,1.39567529796421
0.587470607639975,2.66867651909994
0.205901291782922,1.7147532294573
0.410363801014779,2.22590950253695
0.326593985933156,2.01648496483289
0.0612950371863763,1.35323759296594
0.350526656653046,2.07631664163261
0.35123251115495,2.07808127788737
0.812588187312981,3.23147046828245
0.102461471735715,1.45615367933929
0.346304583058834,2.06576145764709
0.312604370672537,1.98151092668134
0.462225100706436,2.35556275176609
0.528636527959554,2.52159131989888
0.714707325079808,2.98676831269952
0.15850041953777,1.59625104884442
0.368655254304714,2.12163813576179
0.740631942982148,3.05157985745537
0.798128683026009,3.19532170756502
0.208708368804636,1.72177092201159
0.719075010958628,2.99768752739657
0.902953398368765,3.45738349592191
0.907664995597519,3.4691624889938
0.0667219325279454,1.36680483131986
0.835931339224768,3.28982834806192
0.154803774391675,1.58700943597919
0.331264761896462,2.02816190474115
0.381129734395598,2.15282433598899
0.0518882032725439,1.32972050818136
0.0554346153770735,1.33858653844268
0.0308739645550372,1.27718491138759
0.95005380546211,3.57513451365527
0.143752710495029,1.55938177623757
0.543439483988769,2.55859870997192
0.740894137295379,3.05223534323845
0.586037765529956,2.66509441382489
0.349783499422382,2.07445874855596
0.914574257989681,3.4864356449742
0.631128908894551,2.77782227223638
0.456577278886259,2.34144319721565
0.469985165852115,2.37496291463029
0.011919359216429,1.22979839804107
0.326729201398198,2.0168230034955
0.845743924773179,3.31435981193295
0.264711041126731,1.86177760281683
0.460880469745435,2.35220117436359
0.34117129833492,2.0529282458373
0.628257532430933,2.77064383107733
0.913156214129718,3.4828905353243
0.393602769073845,2.18400692268461
0.737622512847941,3.04405628211985
0.672905226551418,2.88226306637854
0.200082004629114,1.70020501157278
0.620873059435223,2.75218264858806
0.324001897742973,2.01000474435743
0.888249859161791,3.42062464790448
0.678828730564019,2.89707182641005
0.415615167662322,2.23903791915581
0.102172266739501,1.45543066684875
0.345832171545286,2.06458042886321
0.644073975572397,2.81018493893099
0.0738129816361763,1.38453245409044
0.0171898868946311,1.24297471723658
0.998712764120993,3.69678191030248
0.408811995949974,2.22202998987494
0.355528549922411,2.08882137480603
0.0813575648150209,1.40339391203755
0.879287471938547,3.39821867984637
0.104825486477849,1.46206371619462
0.0444878721816874,1.31121968045422
0.543400775428582,2.55850193857146
0.804722797965967,3.21180699491492
0.302547611902723,1.95636902975681
0.863116909686065,3.35779227421516
0.682084024270104,2.90521006067526
0.28417029431284,1.9104257357821
0.716144097371094,2.99036024342773
0.769934044578082,3.1248351114452
0.248068608924778,1.82017152231195
0.00596269779184959,1.21490674447962
0.751303366735253,3.07825841683813
0.924161572439671,3.51040393109918
0.384900355890813,2.16225088972703
0.262674224219599,1.856685560549
0.142491668529106,1.55622917132277
0.833308204465224,3.28327051116306
0.270825856025715,1.87706464006429
0.93497415442717,3.53743538606792
0.0771813700335014,1.39295342508375
0.771501670019469,3.12875417504867
0.859541571168016,3.34885392792004
0.483220155575881,2.4080503889397
0.0111433011531566,1.22785825288289
0.0502037275816331,1.32550931895408
0.410963165299484,2.22740791324871
0.0661106086643928,1.36527652166098
0.35483110200373,2.08707775500933
0.271860020361776,1.87965005090444
0.303810634791763,1.95952658697941
0.671574625033687,2.87893656258422
0.436067543661253,2.29016885915313
0.859898978779045,3.34974744694761
0.777850515105692,3.14462628776423
0.058807071325745,1.34701767831436
0.284425939100062,1.91106484775015
0.604109843077189,2.71027460769297
0.40241485992559,2.20603714981397
0.676598281448986,2.89149570362246
0.296683426153233,1.94170856538308
0.745245018389656,3.06311254597414
0.687290316301999,2.918225790755
0.0171481981022042,1.24287049525551
0.681947778296633,2.90486944574158
0.136860141594363,1.54215035398591
0.587798483943473,2.66949620985868
0.556218230890212,2.59054557722553
0.581478333371449,2.65369583342862
0.813079711428415,3.23269927857104
0.0642958558463938,1.36073963961598
0.579551679817751,2.64887919954438
0.0617702957530368,1.35442573938259
0.39852660633555,2.19631651583887
0.489120685257539,2.42280171314385
0.911026170435839,3.4775654260896
0.330959801716246,2.02739950429061
0.549347976012783,2.57336994003196
0.356227783186467,2.09056945796617
0.662497568252728,2.85624392063182
0.681048321854811,2.90262080463703
0.44048164526023,2.30120411315058
0.976611669630097,3.64152917407524
0.849057411239044,3.32264352809761
0.0678914059269668,1.36972851481742
0.742737694989302,3.05684423747326
0.162071955931406,1.60517988982852
0.295937157839507,1.93984289459877
0.781314967563988,3.15328741890997
0.412880235543884,2.23220058885971
0.280449164230586,1.90112291057646
0.452624050645448,2.33156012661362
0.33167788075827,2.02919470189567
0.235660209895885,1.78915052473971
0.0876663690841134,1.41916592271028
0.149893707665565,1.57473426916391
0.416675479345338,2.24168869836335
0.517997980359009,2.49499495089752
0.795096619890582,3.18774154972646
0.82330658278582,3.25826645696455
0.106969280218226,1.46742320054556
0.997075649442652,3.69268912360663
0.397744906320118,2.19436226580029
0.450258244970002,2.32564561242501
0.32044581711313,2.00111454278283
0.513646635466091,2.48411658866523
0.553355389532333,2.58338847383083
0.447049612387572,2.31762403096893
0.877053804638355,3.39263451159589
0.696699848257331,2.94174962064333
0.56605456656127,2.61513641640317
0.851625556522806,3.32906389130701
0.748341238474632,3.07085309618658
0.548962955618726,2.57240738904681
0.344847491171606,2.06211872792901
0.15925255564938,1.59813138912345
0.199816994462077,1.69954248615519
0.573387925780093,2.63346981445023
0.840420295410054,3.30105073852513
0.546548811042006,2.56637202760501
0.568924071066512,2.62231017766628
0.743151284634672,3.05787821158668
0.589239907259699,2.67309976814925
0.0228348001944063,1.25708700048602
0.449783770111289,2.32445942527822
0.759075962826179,3.09768990706545
0.63777749922023,2.79444374805058
0.768647519298199,3.1216187982455
0.194284839180431,1.68571209795108
0.903054922773994,3.45763730693499
0.689636599127965,2.92409149781991
0.246239640398994,1.81559910099748
0.274055703205082,1.88513925801271
0.421764057791682,2.2544101444792
0.0462126196577272,1.31553154914432
0.207987349577242,1.71996837394311
0.100400451151841,1.4510011278796
0.292451953185933,1.93112988296483
0.988818352105477,3.67204588026369
0.742627730473237,3.05656932618309
0.318774961083557,1.99693740270889
0.432091209773017,2.28022802443254
0.967255951355796,3.61813987838949
0.190211683134647,1.67552920783662
0.0334363854645921,1.28359096366148
0.421813818356867,2.25453454589217
0.281449984424491,1.90362496106123
0.0688872747444023,1.37221818686101
0.418716248319818,2.24679062079954
0.151105069160045,1.57776267290011
0.142287085830368,1.55571771457592
0.31534684184722,1.98836710461805
0.0137376897101,1.23434422427525
0.674999813863542,2.88749953465885
0.998998194001149,3.69749548500287
0.61723938193975,2.74309845484937
0.801623762492847,3.20405940623212
0.0730099389669532,1.38252484741738
0.107663013556815,1.46915753389204
0.588511932449654,2.67127983112413
0.92760822778922,3.51902056947305
0.312867173605071,1.98216793401268
0.794191800427712,3.18547950106928
0.939793857717791,3.54948464429448
0.419460673546167,2.24865168386542
0.561270826757546,2.60317706689386
0.880249984506634,3.40062496126659
0.571341025909102,2.62835256477276
0.686734964459545,2.91683741114886
0.675749979762244,2.88937494940561
0.755088453998365,3.08772113499591
0.371008706917525,2.12752176729381
0.268405606163855,1.87101401540964
0.0847420185267655,1.41185504631691
0.694278936225119,2.9356973405628
0.726833881217443,3.01708470304361
0.829128407327984,3.27282101831996
0.913765849505442,3.48441462376361
0.559916867203972,2.59979216800993
0.524790171778198,2.51197542944549
0.301343525434539,1.95335881358635
0.274209830571995,1.88552457642999
