problem,noise,seed,structure_ok,canonical,max_rel_err,test_rmse,test_acc,dense_n,pruned_n,dense_e,pruned_e,fidelity_max,reason
S1,0,1,1,1,2.22044604925031E-15,2.0245468102049E-15,null,24,2,276,1,2.66453525910038E-15,polynomial reduced; structure OK
S1,0,2,1,1,6.8463753185218E-15,4.17676073374078E-15,null,24,2,276,1,4.44089209850063E-15,polynomial reduced; structure OK
S1,0,3,1,1,1.48029736616688E-15,1.60784418549125E-15,null,24,2,276,1,1.77635683940025E-15,polynomial reduced; structure OK
S1,0,4,1,1,9.99200722162641E-15,6.82359284325524E-15,null,24,2,276,1,1.99840144432528E-15,polynomial reduced; structure OK
S1,0,5,1,1,9.62193288008469E-15,5.74462193723361E-15,null,24,2,276,1,2.22044604925031E-15,polynomial reduced; structure OK
S1,0,6,1,1,0.000495606303487772,0.000317995361824958,null,24,2,276,1,4.66293670342566E-15,polynomial reduced; structure OK
S1,0,7,1,1,4.79616346638068E-15,3.60840511815556E-15,null,24,2,276,1,6.66133814775094E-15,polynomial reduced; structure OK
S1,0,8,1,1,8.88178419700125E-15,5.53757856921006E-15,null,24,2,276,1,8.88178419700125E-16,polynomial reduced; structure OK
S1,0,9,1,1,9.25185853854297E-16,5.96267748098558E-16,null,24,2,276,1,1.11022302462516E-15,polynomial reduced; structure OK
S1,0,10,1,1,3.5527136788005E-15,2.52780009737522E-15,null,24,2,276,1,5.77315972805081E-15,polynomial reduced; structure OK
S1,0.01,1,1,1,0.0013790181603716,0.0094499573811927,null,24,2,276,1,4.44089209850063E-15,polynomial reduced; structure OK
S1,0.01,2,1,1,0.00022411163167817,0.00996437871521086,null,24,2,276,1,2.44249065417534E-15,polynomial reduced; structure OK
S1,0.01,3,1,1,0.000333134854850944,0.00987297640209231,null,24,2,276,1,1.77635683940025E-15,polynomial reduced; structure OK
S1,0.01,4,1,1,0.000174288956226754,0.010465519454676,null,24,2,276,1,5.77315972805081E-15,polynomial reduced; structure OK
S1,0.01,5,1,1,0.000370945930456649,0.00900520298047413,null,24,2,276,1,1.99840144432528E-15,polynomial reduced; structure OK
S1,0.01,6,1,1,0.000875174253070303,0.00934047084617046,null,24,2,276,1,4.44089209850063E-15,polynomial reduced; structure OK
S1,0.01,7,1,1,0.00104124279098801,0.00935291417748447,null,24,2,276,1,5.32907051820075E-15,polynomial reduced; structure OK
S1,0.01,8,1,1,0.00154926360170134,0.0111643772039565,null,24,2,276,1,1.55431223447522E-15,polynomial reduced; structure OK
S1,0.01,9,1,1,0.000290001997166149,0.0110437982320613,null,24,2,276,1,1.77635683940025E-15,polynomial reduced; structure OK
S1,0.01,10,1,1,0.000704460864661272,0.00839361319414889,null,24,2,276,1,3.5527136788005E-15,polynomial reduced; structure OK
S1,0.02,1,1,1,0.00275685020291461,0.0199974052090451,null,24,2,276,1,2.44249065417534E-15,polynomial reduced; structure OK
S1,0.02,2,1,1,0.000448223263354741,0.0199287574304217,null,24,2,276,1,4.88498130835069E-15,polynomial reduced; structure OK
S1,0.02,3,1,1,0.000666269709694856,0.0197459528041838,null,24,2,276,1,3.77475828372553E-15,polynomial reduced; structure OK
S1,0.02,4,1,1,0.000348577912475179,0.0209310389093515,null,24,2,276,1,3.10862446895044E-15,polynomial reduced; structure OK
S1,0.02,5,1,1,0.00234552904023059,0.0176283279830107,null,24,2,276,1,5.77315972805081E-15,polynomial reduced; structure OK
S1,0.02,6,1,1,0.00175034850613505,0.0186809416923415,null,24,2,276,1,1.99840144432528E-15,polynomial reduced; structure OK
S1,0.02,7,1,1,0.00208248558198435,0.0187058283549703,null,24,2,276,1,2.66453525910038E-15,polynomial reduced; structure OK
S1,0.02,8,1,1,0.00309852720342248,0.0223287544079155,null,24,2,276,1,2.66453525910038E-15,polynomial reduced; structure OK
S1,0.02,9,1,1,0.000580003994329337,0.0220875964641227,null,24,2,276,1,4.88498130835069E-15,polynomial reduced; structure OK
S1,0.02,10,1,1,0.00381807651199532,0.0167942977001259,null,24,2,276,1,6.21724893790088E-15,polynomial reduced; structure OK
S1,0.05,1,1,1,0.00717039681151018,0.0499922447996878,null,24,2,276,1,2.22044604925031E-15,polynomial reduced; structure OK
S1,0.05,2,1,1,0.00112055815839884,0.0498218935760547,null,24,2,276,1,3.10862446895044E-15,polynomial reduced; structure OK
S1,0.05,3,1,1,0.00865053856213679,0.0504545745978189,null,24,2,276,1,5.32907051820075E-15,polynomial reduced; structure OK
S1,0.05,4,1,1,0.00199741511986886,0.052266426186424,null,24,2,276,1,4.44089209850063E-15,polynomial reduced; structure OK
S1,0.05,5,1,1,0.00270035477184756,0.0450147622575111,null,24,2,276,1,2.88657986402541E-15,polynomial reduced; structure OK
S1,0.05,6,1,1,0.00721620676105594,0.04701700587869,null,24,2,276,1,2.88657986402541E-15,polynomial reduced; structure OK
S1,0.05,7,1,1,0.0086746053556201,0.048426102627895,null,24,2,276,1,1.33226762955019E-15,polynomial reduced; structure OK
S1,0.05,8,1,1,0.00728345234124424,0.0557708538803085,null,24,2,276,1,4.44089209850063E-15,polynomial reduced; structure OK
S1,0.05,9,1,1,0.0102395378913976,0.057544444062719,null,24,2,276,1,3.10862446895044E-15,polynomial reduced; structure OK
S1,0.05,10,1,1,0.00139013254626583,0.0418560505312402,null,24,2,276,1,2.66453525910038E-15,polynomial reduced; structure OK
S1,0.1,1,1,1,0.0142623000982844,0.0999846822404643,null,24,2,276,1,4.44089209850063E-15,polynomial reduced; structure OK
S1,0.1,2,1,1,0.0171425862860815,0.100000090203121,null,24,2,276,1,6.21724893790088E-15,polynomial reduced; structure OK
S1,0.1,3,1,1,0.00787252708425075,0.098799352843384,null,24,2,276,1,3.5527136788005E-15,polynomial reduced; structure OK
S1,0.1,4,1,1,0.0206445401383667,0.108854117369829,null,24,2,276,1,1.77635683940025E-15,polynomial reduced; structure OK
S1,0.1,5,1,1,0.00753819940228446,0.0938336286999685,null,24,2,276,1,1.77635683940025E-15,polynomial reduced; structure OK
S1,0.1,6,1,1,0.0144616690359474,0.094031199218617,null,24,2,276,1,3.10862446895044E-15,polynomial reduced; structure OK
S1,0.1,7,1,1,0.0260950297757303,0.101260372963056,null,24,2,276,1,6.21724893790088E-15,polynomial reduced; structure OK
S1,0.1,8,1,1,0.0151111140580949,0.111612261100792,null,24,2,276,1,3.77475828372553E-15,polynomial reduced; structure OK
S1,0.1,9,1,1,0.0212691218916524,0.115067395595002,null,24,2,276,1,5.32907051820075E-15,polynomial reduced; structure OK
S1,0.1,10,1,1,0.0174311157856708,0.083910221374086,null,24,2,276,1,9.76996261670138E-15,polynomial reduced; structure OK
S2,0,1,1,1,1.30614473485313E-16,1.92034818798021E-16,null,24,3,276,2,4.44089209850063E-16,polynomial reduced; structure OK
S2,0,2,1,1,1.17553026136781E-15,5.95375170013579E-16,null,24,3,276,2,1.77635683940025E-15,polynomial reduced; structure OK
S2,0,3,1,1,5.55111512312578E-16,3.25694445598121E-16,null,24,3,276,2,4.44089209850063E-16,polynomial reduced; structure OK
S2,0,4,1,1,6.66133814775094E-15,1.98706425197183E-15,null,24,3,276,2,2.66453525910038E-15,polynomial reduced; structure OK
S2,0,5,1,1,2.08166817117217E-15,8.65139652333427E-16,null,24,3,276,2,2.88657986402541E-15,polynomial reduced; structure OK
S2,0,6,1,1,3.7470027081099E-15,1.19545263712242E-15,null,24,3,276,2,3.10862446895044E-15,polynomial reduced; structure OK
S2,0,7,1,1,3.19189119579733E-15,8.91772584283549E-16,null,24,3,276,2,2.22044604925031E-15,polynomial reduced; structure OK
S2,0,8,1,1,2.22044604925031E-15,7.611965650035E-16,null,24,3,276,2,8.88178419700125E-16,polynomial reduced; structure OK
S2,0,9,1,1,2.08166817117217E-15,5.19839486786922E-16,null,24,3,276,2,1.33226762955019E-15,polynomial reduced; structure OK
S2,0,10,1,1,1.38777878078145E-15,4.70316107439561E-16,null,24,3,276,2,2.22044604925031E-15,polynomial reduced; structure OK
S2,0.01,1,1,1,0.00287837452698878,0.0106178350311605,null,24,3,276,2,2.22044604925031E-15,polynomial reduced; structure OK
S2,0.01,2,1,1,0.000498733331498681,0.00928524917939121,null,24,3,276,2,2.22044604925031E-15,polynomial reduced; structure OK
S2,0.01,3,1,1,0.000567287679312106,0.0104037893080776,null,24,3,276,2,4.88498130835069E-15,polynomial reduced; structure OK
S2,0.01,4,1,1,0.00157728257905015,0.0095942242507425,null,24,3,276,2,4.44089209850063E-15,polynomial reduced; structure OK
S2,0.01,5,1,1,0.00249733918115009,0.0106583296755598,null,24,3,276,2,7.105427357601E-15,polynomial reduced; structure OK
S2,0.01,6,1,1,0.00179272718597939,0.0101363861608895,null,24,3,276,2,8.88178419700125E-16,polynomial reduced; structure OK
S2,0.01,7,1,1,0.00165844973621612,0.00950938305991652,null,24,3,276,2,3.10862446895044E-15,polynomial reduced; structure OK
S2,0.01,8,1,1,0.00199494245421428,0.0100219187643134,null,24,3,276,2,4.88498130835069E-15,polynomial reduced; structure OK
S2,0.01,9,1,1,0.00506203157765561,0.0108537413140412,null,24,3,276,2,1.77635683940025E-15,polynomial reduced; structure OK
S2,0.01,10,1,1,0.00862673538375491,0.00982379906640089,null,24,3,276,2,5.77315972805081E-15,polynomial reduced; structure OK
S2,0.02,1,1,1,0.0236598124620492,0.0208320824717835,null,24,3,276,2,8.43769498715119E-15,polynomial reduced; structure OK
S2,0.02,2,1,1,0.0139153050132279,0.0213401686950534,null,24,3,276,2,6.21724893790088E-15,polynomial reduced; structure OK
S2,0.02,3,1,1,0.0067360289703855,0.0196116689494363,null,24,3,276,2,4.44089209850063E-15,polynomial reduced; structure OK
S2,0.02,4,1,1,0.00424793725118958,0.020337669371659,null,24,3,276,2,2.22044604925031E-15,polynomial reduced; structure OK
S2,0.02,5,1,1,0.0160702302751772,0.022133860113928,null,24,3,276,2,1.33226762955019E-15,polynomial reduced; structure OK
S2,0.02,6,1,1,0.0101984169113709,0.0218563851891507,null,24,3,276,2,8.88178419700125E-15,polynomial reduced; structure OK
S2,0.02,7,1,1,0.00252196211031119,0.0204415260497673,null,24,3,276,2,5.77315972805081E-15,polynomial reduced; structure OK
S2,0.02,8,1,1,0.00394861489958792,0.0215350135150491,null,24,3,276,2,6.66133814775094E-15,polynomial reduced; structure OK
S2,0.02,9,1,1,0.00981463624898565,0.0224777688050558,null,24,3,276,2,5.32907051820075E-15,polynomial reduced; structure OK
S2,0.02,10,1,1,0.00435826700163428,0.0225065268246962,null,24,3,276,2,1.33226762955019E-15,polynomial reduced; structure OK
S2,0.05,1,1,1,0.0197561063806734,0.0472356732543551,null,24,3,276,2,2.22044604925031E-15,polynomial reduced; structure OK
S2,0.05,2,1,1,0.0345036132335171,0.0574437000331356,null,24,3,276,2,1.55431223447522E-15,polynomial reduced; structure OK
S2,0.05,3,1,1,0.0183284217416579,0.0493362951863618,null,24,3,276,2,2.22044604925031E-15,polynomial reduced; structure OK
S2,0.05,4,1,1,0.0154414795546098,0.05587116814501,null,24,3,276,2,4.44089209850063E-15,polynomial reduced; structure OK
S2,0.05,5,1,1,0.0275905548007266,0.0491842879284498,null,24,3,276,2,8.88178419700125E-16,polynomial reduced; structure OK
S2,0.05,6,1,1,0.0260808654941859,0.051297069368892,null,24,3,276,2,7.54951656745106E-15,polynomial reduced; structure OK
S2,0.05,7,1,1,0.00673489167498098,0.0477885635896208,null,24,3,276,2,3.5527136788005E-15,polynomial reduced; structure OK
S2,0.05,8,1,1,0.0411885106849193,0.0525737256324025,null,24,3,276,2,1.33226762955019E-15,polynomial reduced; structure OK
S2,0.05,9,1,1,0.0331529121944024,0.0552032191745829,null,24,3,276,2,4.88498130835069E-15,polynomial reduced; structure OK
S2,0.05,10,1,1,0.0371278317655552,0.0538953850689539,null,24,3,276,2,1.04360964314765E-14,polynomial reduced; structure OK
S2,0.1,1,1,1,0.0186155008788078,0.108930225743198,null,24,3,276,2,1.11022302462516E-15,polynomial reduced; structure OK
S2,0.1,2,1,1,0.0507021533019167,0.0988590934337156,null,24,3,276,2,9.10382880192628E-15,polynomial reduced; structure OK
S2,0.1,3,1,1,0.079362819939766,0.101506949303242,null,24,3,276,2,2.44249065417534E-15,polynomial reduced; structure OK
S2,0.1,4,1,1,0.0978216761711576,0.100261047608515,null,24,3,276,2,3.10862446895044E-15,polynomial reduced; structure OK
S2,0.1,5,1,1,0.0975022769643899,0.104939327134001,null,24,3,276,2,7.54951656745106E-15,polynomial reduced; structure OK
S2,0.1,6,1,1,0.0287092099489372,0.106202791038492,null,24,3,276,2,2.44249065417534E-15,polynomial reduced; structure OK
S2,0.1,7,1,1,0.0387100038690323,0.0938681931898615,null,24,3,276,2,8.88178419700125E-16,polynomial reduced; structure OK
S2,0.1,8,1,1,0.0200993468192387,0.113766351595838,null,24,3,276,2,3.10862446895044E-15,polynomial reduced; structure OK
S2,0.1,9,1,1,0.0714224566573031,0.110027964573234,null,24,3,276,2,4.66293670342566E-15,polynomial reduced; structure OK
S2,0.1,10,1,1,0.0139853732878923,0.0906031468197979,null,24,3,276,2,5.77315972805081E-15,polynomial reduced; structure OK
S3,0,1,1,1,1.26121335597418E-13,1.47046782662864E-14,null,24,3,276,3,3.10862446895044E-15,polynomial reduced; structure OK
S3,0,2,1,1,2.96059473233375E-14,3.99707523933732E-15,null,24,3,276,3,2.66453525910038E-15,polynomial reduced; structure OK
S3,0,3,1,1,1.80596278672359E-13,2.14154538630985E-14,null,24,3,276,3,4.44089209850063E-16,polynomial reduced; structure OK
S3,0,4,1,1,9.50350909079134E-14,1.09990152358173E-14,null,24,3,276,3,3.5527136788005E-15,polynomial reduced; structure OK
S3,0,5,1,1,7.61295788314393E-15,2.54959616730534E-15,null,24,3,276,3,5.32907051820075E-15,polynomial reduced; structure OK
S3,0,6,1,1,1.34114941374719E-13,1.48630175021625E-14,null,24,3,276,3,3.5527136788005E-15,polynomial reduced; structure OK
S3,0,7,1,1,3.04941257430376E-14,3.22618370995975E-15,null,24,3,276,3,9.99200722162641E-16,polynomial reduced; structure OK
S3,0,8,1,1,3.46389583683049E-14,5.46708033189659E-15,null,24,3,276,3,3.10862446895044E-15,polynomial reduced; structure OK
S3,0,9,1,1,3.11750625314744E-13,3.43081604149307E-14,null,24,3,276,3,1.55431223447522E-15,polynomial reduced; structure OK
S3,0,10,1,1,2.1582735598713E-13,2.26792193449306E-14,null,24,3,276,3,7.54951656745106E-15,polynomial reduced; structure OK
S3,0.01,1,1,1,0.00120733630679088,0.0109560367631121,null,24,3,276,3,1.33226762955019E-15,polynomial reduced; structure OK
S3,0.01,2,1,1,0.000982850169740804,0.00957175358219214,null,24,3,276,3,3.5527136788005E-15,polynomial reduced; structure OK
S3,0.01,3,1,1,0.0342015444298949,0.0120249373397678,null,24,3,276,3,3.99680288865056E-15,polynomial reduced; structure OK
S3,0.01,4,1,1,0.00107558061169799,0.0106096765408838,null,24,3,276,3,4.88498130835069E-15,polynomial reduced; structure OK
S3,0.01,5,1,1,0.000841983372333574,0.00861581139187738,null,24,3,276,3,3.10862446895044E-15,polynomial reduced; structure OK
S3,0.01,6,1,1,0.00504793505495904,0.0092910289535524,null,24,3,276,3,4.88498130835069E-15,polynomial reduced; structure OK
S3,0.01,7,1,1,0.00859017035422986,0.0102012433632073,null,24,3,276,3,8.88178419700125E-15,polynomial reduced; structure OK
S3,0.01,8,1,1,0.00304527403028695,0.00914297129914895,null,24,3,276,3,3.5527136788005E-15,polynomial reduced; structure OK
S3,0.01,9,1,1,0.028935484198365,0.0124240433306961,null,24,4,276,5,5.32907051820075E-15,polynomial reduced; structure OK
S3,0.01,10,1,1,0.00122591815142196,0.01012074763286,null,24,3,276,3,7.105427357601E-15,polynomial reduced; structure OK
S3,0.02,1,1,1,0.198500449529387,0.036060349542817,null,24,3,276,3,4.44089209850063E-15,polynomial reduced; structure OK
S3,0.02,2,1,1,0.002823093227172,0.0196333437402971,null,24,3,276,3,3.10862446895044E-15,polynomial reduced; structure OK
S3,0.02,3,1,1,0.0283521859593029,0.0216596148347997,null,24,3,276,3,1.33226762955019E-15,polynomial reduced; structure OK
S3,0.02,4,1,1,0.115288495046142,0.0233083807391885,null,24,4,276,5,7.99360577730113E-15,polynomial reduced; structure OK
S3,0.02,5,1,1,0.00350205134160101,0.018889749967946,null,24,3,276,3,6.21724893790088E-15,polynomial reduced; structure OK
S3,0.02,6,1,1,0.0144678437926086,0.0195451003109949,null,24,3,276,3,1.77635683940025E-15,polynomial reduced; structure OK
S3,0.02,7,1,1,0.0149492932397589,0.0188138013559541,null,24,3,276,3,4.88498130835069E-15,polynomial reduced; structure OK
S3,0.02,8,1,1,0.00627428348090457,0.0191604518156078,null,24,3,276,3,2.22044604925031E-15,polynomial reduced; structure OK
S3,0.02,9,1,1,0.215028390711185,0.0334071316677826,null,24,3,276,3,2.66453525910038E-15,polynomial reduced; structure OK
S3,0.02,10,1,1,0.0206293355538656,0.0238943224050869,null,24,3,276,3,2.66453525910038E-15,polynomial reduced; structure OK
S3,0.05,1,1,1,0.142970212941081,0.0592357560366342,null,24,4,276,5,4.44089209850063E-15,polynomial reduced; structure OK
S3,0.05,2,1,1,0.00645121617770084,0.0490609345772743,null,24,3,276,3,8.88178419700125E-16,polynomial reduced; structure OK
S3,0.05,3,1,1,0.0140722846731315,0.0496024358682958,null,24,3,276,3,2.22044604925031E-15,polynomial reduced; structure OK
S3,0.05,4,1,1,0.100616723873655,0.0524934219380486,null,24,3,276,3,5.77315972805081E-15,polynomial reduced; structure OK
S3,0.05,5,1,1,0.146788055475279,0.053417451130074,null,24,3,276,3,1.06581410364015E-14,polynomial reduced; structure OK
S3,0.05,6,1,1,0.0968244103564631,0.0572049172649289,null,24,3,276,3,2.1094237467878E-15,polynomial reduced; structure OK
S3,0.05,7,1,1,0.102998416988723,0.0574590378875691,null,24,3,276,3,2.66453525910038E-15,polynomial reduced; structure OK
S3,0.05,8,1,1,0.0143449010823197,0.049285964650985,null,24,3,276,3,4.88498130835069E-15,polynomial reduced; structure OK
S3,0.05,9,1,1,0.00426430371569027,0.0489166458939713,null,24,3,276,3,6.66133814775094E-15,polynomial reduced; structure OK
S3,0.05,10,1,1,0.0465400209774246,0.0536404183033284,null,24,3,276,3,4.44089209850063E-15,polynomial reduced; structure OK
S3,0.1,1,1,1,0.0217547471292579,0.1093831558695,null,24,3,276,3,2.22044604925031E-15,polynomial reduced; structure OK
S3,0.1,2,1,1,0.115934900499302,0.0972119489953888,null,24,3,276,3,7.105427357601E-15,polynomial reduced; structure OK
S3,0.1,3,1,1,0.00886400185486647,0.10853325170001,null,24,3,276,3,3.10862446895044E-15,polynomial reduced; structure OK
S3,0.1,4,1,1,0.0976989980134584,0.105004947714004,null,24,4,276,5,9.76996261670138E-15,polynomial reduced; structure OK
S3,0.1,5,1,1,0.217814315226542,0.101817915624003,null,24,3,276,3,1.33226762955019E-15,polynomial reduced; structure OK
S3,0.1,6,1,1,0.0926739907075461,0.102160543088595,null,24,3,276,3,3.5527136788005E-15,polynomial reduced; structure OK
S3,0.1,7,1,1,0.112307311341906,0.11334026085981,null,24,3,276,3,9.76996261670138E-15,polynomial reduced; structure OK
S3,0.1,8,1,1,0.22926347272929,0.103693037006049,null,24,3,276,3,1.33226762955019E-15,polynomial reduced; structure OK
S3,0.1,9,1,1,0.193423089165496,0.110992662283389,null,24,3,276,3,5.32907051820075E-15,polynomial reduced; structure OK
S3,0.1,10,1,1,0.132432891288577,0.0979129356963759,null,24,3,276,3,7.99360577730113E-15,polynomial reduced; structure OK
S4,0,1,1,1,2.08166817117217E-15,1.45575627147407E-15,null,25,5,299,4,4.66293670342566E-15,installed diag OLS c0=0.2 a=1.3 b=0.8 Lval=1.16332E-30
S4,0,2,1,1,2.22044604925031E-15,6.5508706265026E-16,null,25,5,299,4,4.44089209850063E-16,installed diag OLS c0=0.2 a=1.3 b=0.8 Lval=2.16262E-31
S4,0,3,1,1,8.32667268468867E-15,6.59494955781934E-16,null,25,5,299,4,8.88178419700125E-16,installed diag OLS c0=0.2 a=1.3 b=0.8 Lval=2.55049E-31
S4,0,4,1,1,3.03923552991137E-14,2.26341760374803E-15,null,25,5,299,4,4.44089209850063E-16,installed diag OLS c0=0.2 a=1.3 b=0.8 Lval=1.76275E-30
S4,0,5,1,1,1.80411241501588E-14,2.05676852106359E-15,null,25,5,299,4,8.88178419700125E-16,installed diag OLS c0=0.2 a=1.3 b=0.8 Lval=2.02131E-30
S4,0,6,1,1,6.10622663543836E-15,7.21958192569914E-16,null,25,5,299,4,1.99840144432528E-15,installed diag OLS c0=0.2 a=1.3 b=0.8 Lval=2.20058E-31
S4,0,7,1,1,4.85722573273506E-15,2.0918284652623E-15,null,25,5,299,4,3.5527136788005E-15,installed diag OLS c0=0.2 a=1.3 b=0.8 Lval=1.56227E-30
S4,0,8,1,1,8.74300631892311E-15,1.34454270156073E-15,null,25,5,299,4,3.10862446895044E-15,installed diag OLS c0=0.2 a=1.3 b=0.8 Lval=8.36312E-31
S4,0,9,1,1,5.55111512312578E-15,1.73773294883174E-15,null,25,5,299,4,4.88498130835069E-15,installed diag OLS c0=0.2 a=1.3 b=0.8 Lval=1.68368E-30
S4,0,10,1,1,2.72004641033163E-14,1.98112948412979E-15,null,25,5,299,4,2.88657986402541E-15,installed diag OLS c0=0.2 a=1.3 b=0.8 Lval=1.85895E-30
S4,0.01,1,1,1,0.00974162841770404,0.0105587859948101,null,25,5,299,4,4.66293670342566E-15,installed diag OLS c0=0.198052 a=1.30229 b=0.803175 Lval=6.49562E-05
S4,0.01,2,1,1,0.00113229044761324,0.00881279763932772,null,25,5,299,4,2.22044604925031E-15,installed diag OLS c0=0.199781 a=1.29853 b=0.800326 Lval=4.91298E-05
S4,0.01,3,1,1,0.00196837090137111,0.00964223468756426,null,25,5,299,4,1.77635683940025E-15,installed diag OLS c0=0.199606 a=1.3005 b=0.801017 Lval=3.76824E-05
S4,0.01,4,1,1,0.00321809335436268,0.0100248233491823,null,25,5,299,4,5.10702591327572E-15,installed diag OLS c0=0.200103 a=1.3007 b=0.797426 Lval=5.12026E-05
S4,0.01,5,1,1,0.000984769239159492,0.0101662169826338,null,25,5,299,4,8.88178419700125E-16,installed diag OLS c0=0.200136 a=1.30128 b=0.799804 Lval=6.09447E-05
S4,0.01,6,1,1,0.00145471326934543,0.00946508136189977,null,25,5,299,4,4.88498130835069E-15,installed diag OLS c0=0.200291 a=1.29857 b=0.800865 Lval=5.14471E-05
S4,0.01,7,1,1,0.00365181100404122,0.00972903534041077,null,25,5,299,4,3.33066907387547E-15,installed diag OLS c0=0.20073 a=1.29874 b=0.798882 Lval=4.04608E-05
S4,0.01,8,1,1,0.00152262358994654,0.00888996097025957,null,25,5,299,4,1.99840144432528E-15,installed diag OLS c0=0.199695 a=1.29925 b=0.79974 Lval=5.85319E-05
S4,0.01,9,1,1,0.0127549814637261,0.00932946252108061,null,25,5,299,4,6.66133814775094E-16,installed diag OLS c0=0.202551 a=1.29827 b=0.79687 Lval=4.67785E-05
S4,0.01,10,1,1,0.00149714397749648,0.00978648915745256,null,25,5,299,4,3.5527136788005E-15,installed diag OLS c0=0.199836 a=1.29889 b=0.801198 Lval=5.48212E-05
S4,0.02,1,1,1,0.0191464307351058,0.0217276088216924,null,25,5,299,4,2.22044604925031E-15,installed diag OLS c0=0.196171 a=1.30448 b=0.807231 Lval=0.000196889
S4,0.02,2,1,1,0.00688131590961205,0.0189825647492671,null,25,5,299,4,4.44089209850063E-16,installed diag OLS c0=0.201376 a=1.29677 b=0.798702 Lval=0.00019244
S4,0.02,3,1,1,0.00209762203349256,0.0195888410197692,null,25,5,299,4,2.88657986402541E-15,installed diag OLS c0=0.19958 a=1.30136 b=0.801667 Lval=0.000158551
S4,0.02,4,1,1,0.00922540332699007,0.0204047182452359,null,25,5,299,4,4.44089209850063E-16,installed diag OLS c0=0.201845 a=1.29837 b=0.796828 Lval=0.000233675
S4,0.02,5,1,1,0.00552747139778334,0.0211749980843306,null,25,5,299,4,3.5527136788005E-15,installed diag OLS c0=0.201105 a=1.30124 b=0.799324 Lval=0.000173295
S4,0.02,6,1,1,0.00154742177086323,0.0188787466322833,null,25,5,299,4,3.10862446895044E-15,installed diag OLS c0=0.200021 a=1.29799 b=0.800895 Lval=0.000196011
S4,0.02,7,1,1,0.00433663424684982,0.0212241185578085,null,25,5,299,4,3.77475828372553E-15,installed diag OLS c0=0.200867 a=1.2967 b=0.800959 Lval=0.000188062
S4,0.02,8,1,1,0.0019928881398909,0.0210210194427686,null,25,5,299,4,6.66133814775094E-16,installed diag OLS c0=0.199601 a=1.29984 b=0.798863 Lval=0.000228314
S4,0.02,9,1,1,0.0264325295247497,0.0186781408940684,null,25,5,299,4,6.66133814775094E-16,installed diag OLS c0=0.205287 a=1.29651 b=0.793318 Lval=0.000190684
S4,0.02,10,1,1,0.0100290654824278,0.0207416210196371,null,25,5,299,4,4.66293670342566E-15,installed diag OLS c0=0.202006 a=1.29611 b=0.8001 Lval=0.00017478
S4,0.05,1,1,1,0.0179924797713588,0.0573169136211848,null,25,5,299,4,1.33226762955019E-15,installed diag OLS c0=0.199546 a=1.30086 b=0.814394 Lval=0.0013438
S4,0.05,2,1,1,0.0258020894285324,0.0544752821852367,null,25,5,299,4,3.77475828372553E-15,installed diag OLS c0=0.20516 a=1.28755 b=0.797248 Lval=0.00108459
S4,0.05,3,1,1,0.0125739112719248,0.0514395607628729,null,25,5,299,4,4.88498130835069E-15,installed diag OLS c0=0.197485 a=1.30837 b=0.800201 Lval=0.00111421
S4,0.05,4,1,1,0.0041317791424475,0.0468983349012009,null,25,5,299,4,4.21884749357559E-15,installed diag OLS c0=0.199174 a=1.30369 b=0.798708 Lval=0.00145466
S4,0.05,5,1,1,0.00583373627301132,0.0546106330705221,null,25,5,299,4,3.33066907387547E-15,installed diag OLS c0=0.200255 a=1.30758 b=0.804421 Lval=0.00143869
S4,0.05,6,1,1,0.0035991602585092,0.0438974302000349,null,25,5,299,4,4.88498130835069E-15,installed diag OLS c0=0.2004 a=1.29661 b=0.802879 Lval=0.00100343
S4,0.05,7,1,1,0.00879542545491496,0.0541272458743409,null,25,5,299,4,1.55431223447522E-15,installed diag OLS c0=0.201759 a=1.29646 b=0.797901 Lval=0.00101224
S4,0.05,8,1,1,0.0160440307382642,0.0500730005548529,null,25,5,299,4,3.33066907387547E-15,installed diag OLS c0=0.196791 a=1.3003 b=0.806024 Lval=0.00143897
S4,0.05,9,1,1,0.0359619382960306,0.0486423878365945,null,25,5,299,4,2.22044604925031E-15,installed diag OLS c0=0.207192 a=1.30329 b=0.78759 Lval=0.00111571
S4,0.05,10,1,1,0.0102993767129564,0.0458930368111987,null,25,5,299,4,2.22044604925031E-15,installed diag OLS c0=0.20206 a=1.29015 b=0.801671 Lval=0.00128788
S4,0.1,1,1,1,0.0627756967676854,0.101769884911605,null,25,5,299,4,8.88178419700125E-16,installed diag OLS c0=0.187445 a=1.32708 b=0.828841 Lval=0.00470424
S4,0.1,2,1,1,0.0374700253414287,0.107036264426144,null,25,5,299,4,6.66133814775094E-16,installed diag OLS c0=0.207494 a=1.27711 b=0.802332 Lval=0.00332387
S4,0.1,3,1,1,0.0184094569997961,0.110433328499107,null,25,5,299,4,4.44089209850063E-16,installed diag OLS c0=0.196318 a=1.30769 b=0.795064 Lval=0.0051214
S4,0.1,4,1,1,0.0154440227415129,0.0976664956064068,null,25,5,299,4,3.5527136788005E-15,installed diag OLS c0=0.202197 a=1.30208 b=0.787645 Lval=0.00540883
S4,0.1,5,1,1,0.0242886817414657,0.106377168695635,null,25,5,299,4,4.44089209850063E-15,installed diag OLS c0=0.195358 a=1.33158 b=0.802611 Lval=0.00570746
S4,0.1,6,1,1,0.0242776095977429,0.0982600557927805,null,25,5,299,4,2.22044604925031E-15,installed diag OLS c0=0.204856 a=1.27904 b=0.807065 Lval=0.00478049
S4,0.1,7,1,1,0.0166662975984478,0.0982000555265398,null,25,5,299,4,4.88498130835069E-15,installed diag OLS c0=0.199421 a=1.27833 b=0.809176 Lval=0.0064498
S4,0.1,8,1,1,0.00869573646858079,0.106515883299346,null,25,5,299,4,1.55431223447522E-15,installed diag OLS c0=0.19903 a=1.29821 b=0.793043 Lval=0.00464012
S4,0.1,9,1,1,0.0971154240933433,0.104998705070748,null,25,5,299,4,2.66453525910038E-15,installed diag OLS c0=0.219423 a=1.28355 b=0.771405 Lval=0.00547193
S4,0.1,10,1,1,0.0585223653914183,0.100828015097792,null,25,5,299,4,2.22044604925031E-15,installed diag OLS c0=0.211704 a=1.2861 b=0.794274 Lval=0.00448292
S5,0,1,1,1,0.429009136872446,0.312520904422761,0.880434782608696,25,4,299,3,0,canonical centred quadratic h with a~b
S5,0,2,1,1,0.156521424787752,0.306911032776877,0.956521739130435,25,4,299,3,0,canonical centred quadratic h with a~b
S5,0,3,1,1,0.0568346253819982,0.326654805586843,0.978260869565217,25,4,299,3,0,canonical centred quadratic h with a~b
S5,0,4,1,1,0.147083974926682,0.305880022574976,0.934782608695652,25,4,299,3,0,canonical centred quadratic h with a~b
S5,0,5,1,1,0.302783364248353,0.2936548594448,0.934782608695652,25,4,299,3,0,canonical centred quadratic h with a~b
S5,0,6,1,1,0.0156588959793226,0.313078158761732,1,25,4,299,3,0,canonical centred quadratic h with a~b
S5,0,7,1,1,1,0.315885570758495,0.83695652173913,25,4,299,3,0,canonical centred quadratic h with a~b
S5,0,8,1,1,0.203836103778485,0.296215628858476,0.934782608695652,25,4,299,3,0,canonical centred quadratic h with a~b
S5,0,9,1,1,0.392715572092311,0.298622769866476,0.923913043478261,25,4,299,3,0,canonical centred quadratic h with a~b
S5,0,10,1,1,0.103626161508692,0.288532170806241,0.978260869565217,25,4,299,3,0,canonical centred quadratic h with a~b
S5,0.01,1,1,1,0.701439799783293,0.298021897773568,0.83695652173913,25,4,299,3,0,canonical centred quadratic h with a~b
S5,0.01,2,1,1,0.296535332283202,0.304684679339376,0.902173913043478,25,4,299,3,0,canonical centred quadratic h with a~b
S5,0.01,3,1,1,0.239054595613015,0.301502273624274,0.91304347826087,25,4,299,3,0,canonical centred quadratic h with a~b
S5,0.01,4,1,1,0.11405257498609,0.318521898538235,0.956043956043956,25,4,299,3,0,canonical centred quadratic h with a~b
S5,0.01,5,1,1,1,0.307865006477169,0.833333333333333,25,4,299,3,0,canonical centred quadratic h with a~b
S5,0.01,6,1,1,0.174347458828743,0.305941337300765,0.869565217391304,25,4,299,3,0,canonical centred quadratic h with a~b
S5,0.01,7,1,1,0.315261581368577,0.312305402570091,0.83695652173913,25,4,299,3,0,canonical centred quadratic h with a~b
S5,0.01,8,1,1,0.149398264140291,0.316397451138534,0.923913043478261,25,4,299,3,0,canonical centred quadratic h with a~b
S5,0.01,9,1,1,0.12293302195776,0.321560501982823,0.945652173913043,25,4,299,3,0,canonical centred quadratic h with a~b
S5,0.01,10,1,1,0.188910083014889,0.303443307904545,0.91304347826087,25,4,299,3,0,canonical centred quadratic h with a~b
S5,0.02,1,1,1,1,0.314055561484143,0.826086956521739,25,4,299,3,0,canonical centred quadratic h with a~b
S5,0.02,2,1,1,0.304041490553755,0.305779722670686,0.891304347826087,25,4,299,3,0,canonical centred quadratic h with a~b
S5,0.02,3,1,1,0.384262241682336,0.325782640948353,0.858695652173913,25,4,299,3,0,canonical centred quadratic h with a~b
S5,0.02,4,1,1,0.0659350724343314,0.334621178481159,0.967391304347826,25,4,299,3,0,canonical centred quadratic h with a~b
S5,0.02,5,1,1,0.606057066866379,0.317012915517324,0.858695652173913,25,4,299,3,0,canonical centred quadratic h with a~b
S5,0.02,6,1,1,0.172311833101594,0.340029318650243,0.869565217391304,25,4,299,3,0,canonical centred quadratic h with a~b
S5,0.02,7,1,1,0.264622640294147,0.329366831009313,0.869565217391304,25,4,299,3,0,canonical centred quadratic h with a~b
S5,0.02,8,1,1,0.102429917630252,0.350058476646201,0.923913043478261,25,4,299,3,0,canonical centred quadratic h with a~b
S5,0.02,9,1,1,0.106837331191673,0.318422984947104,0.945652173913043,25,4,299,3,0,canonical centred quadratic h with a~b
S5,0.02,10,1,1,0.0585471608681474,0.336614024196995,0.978260869565217,25,4,299,3,0,canonical centred quadratic h with a~b
S5,0.05,1,1,1,0.360348749656441,0.374176524024436,0.815217391304348,25,4,299,3,0,canonical centred quadratic h with a~b
S5,0.05,2,1,1,0.163728903931951,0.352939639750235,0.880434782608696,25,4,299,3,0,canonical centred quadratic h with a~b
S5,0.05,3,1,1,0.504265594815115,0.350617940230893,0.869565217391304,25,4,299,3,0,canonical centred quadratic h with a~b
S5,0.05,4,1,1,0.14934150182653,0.345590356643838,0.91304347826087,25,4,299,3,0,canonical centred quadratic h with a~b
S5,0.05,5,1,1,0.578508755223993,0.361088035607644,0.815217391304348,25,4,299,3,0,canonical centred quadratic h with a~b
S5,0.05,6,1,1,0.296231217302738,0.341968412412296,0.815217391304348,25,4,299,3,0,canonical centred quadratic h with a~b
S5,0.05,7,1,1,0.225066466045792,0.338367583408709,0.891304347826087,25,4,299,3,0,canonical centred quadratic h with a~b
S5,0.05,8,1,1,0.148015832081182,0.351802696993266,0.891304347826087,25,4,299,3,0,canonical centred quadratic h with a~b
S5,0.05,9,1,1,0.0357682787462182,0.347618202740959,0.956521739130435,25,4,299,3,0,canonical centred quadratic h with a~b
S5,0.05,10,1,1,0.0911944764533477,0.35099122693451,0.9,25,4,299,3,0,canonical centred quadratic h with a~b
S5,0.1,1,1,1,1,0.39059382381345,0.75,25,4,299,3,0,canonical centred quadratic h with a~b
S5,0.1,2,1,1,0.11314741307524,0.381509333227591,0.89010989010989,25,4,299,3,0,canonical centred quadratic h with a~b
S5,0.1,3,1,1,0.515635739972458,0.38357042245046,0.793478260869565,25,4,299,3,0,canonical centred quadratic h with a~b
S5,0.1,4,1,1,0.113932709213805,0.382945142227514,0.880434782608696,25,4,299,3,0,canonical centred quadratic h with a~b
S5,0.1,5,1,1,0.662633074051155,0.377016080429866,0.771739130434783,25,4,299,3,0,canonical centred quadratic h with a~b
S5,0.1,6,1,1,0.431377061975036,0.368370949875996,0.733333333333333,25,4,299,3,0,canonical centred quadratic h with a~b
S5,0.1,7,1,1,0.226974399743449,0.377147645529796,0.869565217391304,25,4,299,3,0,canonical centred quadratic h with a~b
S5,0.1,8,1,1,0.00684130407626027,0.410887740462807,0.858695652173913,25,4,299,3,0,canonical centred quadratic h with a~b
S5,0.1,9,1,1,0.15658089725639,0.402122386391656,0.83695652173913,25,4,299,3,0,canonical centred quadratic h with a~b
S5,0.1,10,1,1,0.0463245607608772,0.377736159071115,0.934782608695652,25,4,299,3,0,canonical centred quadratic h with a~b
