SNo,x,y,t
0,0.0667469348137951,0.0701595088793708,0
1,0.774765135149828,0.511139268759237,0
2,0.797490558492714,0.827308291023275,0
3,0.165958795308116,0.736130623489679,0
4,0.26021636475819,0.506004851081411,1
5,0.230273722312541,0.387140443263175,0
6,0.215980615101746,0.0208108848989061,0
7,0.134833602297508,0.740831733560577,0
8,0.195091067904183,0.887039565894306,0
9,0.861100613540551,0.358865063804605,0
10,0.103702260229598,0.529583051581673,0
11,0.358755016866492,0.707505481181436,0
12,0.580474831899849,0.620548322620126,1
13,0.732496631672837,0.747882739989032,0
14,0.396251060718787,0.245257239902977,0
15,0.686345072317098,0.210546193742448,0
16,0.517537586631969,0.485390965121515,1
17,0.252805452911558,0.770778849148554,0
18,0.00257893931240725,0.483912114279304,0
19,0.44795790335534,0.486460426583169,1
20,0.711577390651953,0.451247725845896,1
21,0.269952356941044,0.283040513881967,0
22,0.635241387242098,0.294778646107194,1
23,0.369533596266775,0.852680676548127,0
24,0.17566556398555,0.852200557874609,0
25,0.644354575613679,0.615833414539617,1
26,0.441520835478567,0.496696843065646,1
27,0.0301035349397471,0.537163883232122,0
28,0.711404492012879,0.0672596539683918,0
29,0.930664436859388,0.176942235872588,0
30,0.0948116593504379,0.418076055319084,0
31,0.339879562770892,0.0149591248552125,0
32,0.819659778764313,0.019727528570093,0
33,0.869602856631206,0.730589649980231,0
34,0.768005431987348,0.364054753148954,0
35,0.73825279424817,0.711178953624879,0
36,0.439081662538965,0.374640186957382,1
37,0.647287673152651,0.652454534383702,1
38,0.259630694640628,0.0757145029845249,0
39,0.0722640939393379,0.285696185792655,0
40,0.25101472635335,0.87981595512471,0
41,0.572217176003483,0.544050502844178,1
42,0.600902664289299,0.0705116577774806,0
43,0.769025358263881,0.0208407435663234,0
44,0.455287430181768,0.715641569679436,1
45,0.0593743571356751,0.935319285344015,0
46,0.553247677419916,0.271015667482752,1
47,0.391648767232731,0.293501335332869,1
48,0.111368163075004,0.254993232085832,0
49,0.463380735117654,0.615513858672005,1
50,0.425175789475989,0.638943946286544,1
51,0.0846752445607797,0.811610810836596,0
52,0.113947763626439,0.933175621988799,0
53,0.176751752000652,0.0668806485211852,0
54,0.849409169912994,0.377649000556045,0
55,0.277533188591494,0.635689989028354,0
56,0.994995560029054,0.644968251066733,0
57,0.925927509519238,0.214995704225728,0
58,0.845858879315601,0.795829059926713,0
59,0.414056460565914,0.749148120986832,0
60,0.250702170306212,0.848762113064882,0
61,0.275302219798463,0.0523638623079117,0
62,0.304680396013279,0.802933508904154,0
63,0.157931276204964,0.168065995056213,0
64,0.98299141972465,0.353786337819782,0
65,0.541086371308699,0.00463746255479635,0
66,0.612333767866871,0.456750235267333,1
67,0.860520396316666,0.612070780066806,0
68,0.79514071056393,0.760606365166887,0
69,0.430102739217739,0.6677270423005,1
70,0.893759905776829,0.702144709742695,0
71,0.171431573653329,0.0776384296257228,0
72,0.438108381087942,0.423684368107321,1
73,0.940323725314962,0.908279426353182,0
74,0.345088157963514,0.176653063007003,0
75,0.447642456017268,0.31553910314829,1
76,0.840936771519918,0.714232614130821,0
77,0.364811688365793,0.576413676411106,1
78,0.363641726488081,0.032311382252868,0
79,0.506930414823317,0.311014254722285,1
80,0.775244345783835,0.00868575694443926,0
81,0.0838892287965348,0.495622832093212,0
82,0.836562629247346,0.272895726036697,0
83,0.023356221161483,0.538245324761721,0
84,0.784447854750067,0.313856729452432,0
85,0.419854993661798,0.0852525141487143,0
86,0.365726320708974,0.746329418265414,0
87,0.855388215210004,0.548557460563517,0
88,0.677330539411553,0.197663790172741,0
89,0.614255481219969,0.880996027905958,0
90,0.862609783589193,0.249651849851781,0
91,0.822977837092698,0.806338356717647,0
92,0.906143881802514,0.225547268160408,0
93,0.163700691034878,0.89810115373605,0
94,0.0919385469015402,0.28410671990556,0
95,0.248429053578726,0.762829328311062,0
96,0.25367595034357,0.119088484495454,0
97,0.892482696516664,0.885074148832389,0
98,0.618255480946161,0.675808741560117,1
99,0.241075800378377,0.165212655051245,0
100,0.400328146945838,0.402078400553241,1
101,0.123831571603115,0.0312314285110829,0
102,0.756798069345205,0.362389941868554,0
103,0.949812782439316,0.0946073532545042,0
104,0.858844398920817,0.816254227802276,0
105,0.899083136999553,0.16597793631534,0
106,0.418055901032899,0.625934386917359,1
107,0.448404471133093,0.525592495932054,1
108,0.185707919851741,0.277550872078888,0
109,0.589478950290698,0.611015361086938,1
110,0.109195035001819,0.125255067425433,0
111,0.446306777860181,0.500341134844507,1
112,0.065427675873706,0.657025665350736,0
113,0.831576563805145,0.246637836213521,0
114,0.85384672174875,0.970314066377615,0
115,0.930301979617356,0.00152179785143668,0
116,0.956587989794364,0.449042826168725,0
117,0.48066788096012,0.460531383035952,1
118,0.125820278248666,0.791746408581616,0
119,0.0495402873724421,0.54375393993396,0
120,0.275734485721092,0.0690933377803738,0
121,0.0392567548152324,0.275684319099264,0
122,0.385023582906008,0.0824511172633856,0
123,0.344773427278164,0.62774156342621,1
124,0.670684013362361,0.36689020058461,1
125,0.699366228980648,0.340704608867273,0
126,0.0863297912694187,0.630060439291438,0
127,0.0560176200494252,0.275073079520405,0
128,0.95577162269306,0.623490436758609,0
129,0.965803752637377,0.0997724039944692,0
130,0.530813378063409,0.703174946225795,1
131,0.240760631505754,0.888530332543203,0
132,0.885952248184919,0.897561339148116,0
133,0.209389946520976,0.969013074864174,0
134,0.14526650595724,0.987873088097141,0
135,0.399772217683388,0.393961511270125,1
136,0.228010584706446,0.0457250103567378,0
137,0.335280875365846,0.0401016972214457,0
138,0.0859983126102008,0.170622458760916,0
139,0.115317551938499,0.98297655861032,0
140,0.312252238072572,0.203835000378934,0
141,0.575953822851159,0.48695652116414,1
142,0.270947837396966,0.589597370750083,1
143,0.915192006582018,0.326527550502926,0
144,0.393025206119299,0.205594801439715,0
145,0.504759760342892,0.502329841490057,1
146,0.825942655944239,0.949767883377973,0
147,0.012940561870551,0.572559539495297,0
148,0.82833270627462,0.15072642227203,0
149,0.389732070914345,0.487462243757892,1
150,0.87306117074241,0.37576035241399,0
151,0.482475057468971,0.68281092526522,1
152,0.967117982901222,0.305404717710523,0
153,0.112694024160828,0.0406047809126809,0
154,0.294779563925592,0.0159159228279795,0
155,0.189074766910204,0.785149163932143,0
156,0.50817288482011,0.982827194027057,0
157,0.787520165921897,0.326978377684475,0
158,0.127221123374636,0.753804110341614,0
159,0.617582495146237,0.296354877434836,1
160,0.982369332566098,0.88286239601805,0
161,0.575987868744874,0.939671704517525,0
162,0.483113327754249,0.897442376193331,0
163,0.568018855325886,0.278242701328473,1
164,0.0327844484861868,0.76272133587055,0
165,0.211768990946826,0.935271890338171,0
166,0.780890387846572,0.627855308180608,0
167,0.10991538786791,0.936491885658583,0
168,0.721359942909963,0.893142897585939,0
169,0.519838538262918,0.965543119686443,0
170,0.476903346589256,0.874587225669337,0
171,0.0317479865773339,0.37710928329132,0
172,0.0165200345295109,0.719610596410749,0
173,0.994156956669948,0.843115461917182,0
174,0.162247717456076,0.685962184186076,0
175,0.445338416120661,0.0745285959330055,0
176,0.533143927125793,0.0933771934795087,0
177,0.505092911191794,0.99019877472436,0
178,0.799772483669115,0.542803352951446,0
179,0.199697597510972,0.0696756067078913,0
180,0.737385862384637,0.834451322832355,0
181,0.00782033242649414,0.532058228055042,0
182,0.804146931881153,0.253802876572033,0
183,0.00425877608557175,0.880317576639502,0
184,0.872911806159146,0.851028280263314,0
185,0.605618434774512,0.234078225788697,0
186,0.233965572078696,0.652039375459794,0
187,0.81945153084558,0.107782106896761,0
188,0.851114409440716,0.198878585453554,0
189,0.923151669988014,0.7635027313435,0
190,0.903285419523383,0.724903393408704,0
191,0.115994983872396,0.346822264300111,0
192,0.317382919749889,0.137240395013821,0
193,0.402127963212378,0.687513194367063,1
194,0.122762396988814,0.119716613143551,0
195,0.136719401989467,0.178556589958517,0
196,0.693445300074967,0.450162931555027,1
197,0.228157257301806,0.642452023756901,0
198,0.866766893242843,0.499689758522292,0
199,0.572962351410166,0.762717157957478,0
200,0.715351820325177,0.113839380030445,0
201,0.970203655758036,0.311219437192762,0
202,0.0803437494115642,0.211260190331964,0
203,0.840563023854309,0.881104551665999,0
204,0.273925662633928,0.397310804295033,1
205,0.139084365283644,0.600893898215561,0
206,0.619651682963433,0.436194866167472,1
207,0.166390187184508,0.0124824689759326,0
208,0.718456338959959,0.660998068126383,0
209,0.214675308305153,0.666906536867333,0
210,0.851674913359655,0.316745581718509,0
211,0.757555179650688,0.753195193015596,0
212,0.714308878273847,0.427061844815995,1
213,0.54063292571373,0.78380264052367,0
214,0.423882118157988,0.17699950708868,0
215,0.241015213653918,0.351424650918424,0
216,0.625916234043388,0.160434512030536,0
217,0.0481509110183226,0.789446039492938,0
218,0.754699737650668,0.804775546679634,0
219,0.266478514888547,0.106122729417925,0
220,0.296677371159511,0.521023411546379,1
221,0.413587531733135,0.725451592693781,1
222,0.980632247859907,0.535825503773906,0
223,0.558904906995085,0.257250433907495,1
224,0.283772744370519,0.215674788325874,0
225,0.923995684796942,0.20576882511646,0
226,0.285014450217138,0.906055814542834,0
227,0.911042244597823,0.398606238606668,0
228,0.356284200379757,0.217008462742441,0
229,0.596910558918915,0.65328190459557,1
230,0.670627264618234,0.0567603833306396,0
231,0.457222433508012,0.0969261555452487,0
232,0.156295590641115,0.78765971436522,0
233,0.974977664172173,0.459217170932897,0
234,0.38804395514915,0.37694414769157,1
235,0.257782731325264,0.913680792280324,0
236,0.394519553237837,0.108552578887228,0
237,0.370229165707822,0.330651501813276,1
238,0.903158049985374,0.0321035869569069,0
239,0.772562945155689,0.178483374499941,0
240,0.86815693782091,0.283382491806234,0
241,0.500029896153151,0.208207329832114,0
242,0.253003822291737,0.0352463885374583,0
243,0.0664102007012862,0.719860419500554,0
244,0.249392267432712,0.649544672411654,0
245,0.43316183911318,0.537691274908228,1
246,0.207864987760719,0.613196610292977,0
247,0.435495464799691,0.239916987828872,0
248,0.0638009780383673,0.316661376187886,0
249,0.569156002052667,0.192972533494687,0
250,0.560847839601733,0.0996877360621876,0
251,0.869206478758346,0.906828596678948,0
252,0.957892057000609,0.0103148925166181,0
253,0.811249271878623,0.17646187132991,0
254,0.535826648835012,0.580390742784548,1
255,0.495448188621294,0.32418061342285,1
256,0.444445517586752,0.418427184418974,1
257,0.78512496677466,0.387244772812,0
258,0.556730487177489,0.249015103675898,0
259,0.843922333253511,0.121049202103656,0
260,0.721249513663933,0.255117244671619,0
261,0.209824903500185,0.738499282737495,0
262,0.94378230857839,0.720091456417037,0
263,0.705815804519605,0.78132294294486,0
264,0.673057114087537,0.13031217787895,0
265,0.266850523774908,0.586496673797488,1
266,0.46294758490424,0.579590411661002,1
267,0.617635534898208,0.768469201758722,0
268,0.414176013047889,0.593201299474203,1
269,0.250315272831505,0.242688929775119,0
270,0.223997116658835,0.889948329371376,0
271,0.184033770665542,0.669001524648164,0
272,0.154096483790361,0.10898122569033,0
273,0.0932457573214759,0.789437803341745,0
274,0.828071643518317,0.0482506919876908,0
275,0.683186500651383,0.81478587436247,0
276,0.472739042934374,0.44810679994901,1
277,0.471723019830754,0.305730594930114,1
278,0.889862832562003,0.130707196020851,0
279,0.963046288100558,0.237800600583572,0
280,0.304499087997013,0.0299263289337635,0
281,0.503404757242373,0.405514470956062,1
282,0.31354021900964,0.908951514823805,0
283,0.86123302851861,0.86485510592575,0
284,0.800791649520766,0.0166557650159373,0
285,0.973068759764111,0.963529187703286,0
286,0.998699830844393,0.601233403478392,0
287,0.897052085444821,0.831301184292557,0
288,0.071083474006077,0.540823378852021,0
289,0.584402798947134,0.83480108288806,0
290,0.626845699095561,0.91637800117786,0
291,0.953251299426542,0.624806422099847,0
292,0.447125677227567,0.452064649412439,1
293,0.113757630863114,0.01484078495523,0
294,0.107867391830248,0.311904939968095,0
295,0.87860636919672,0.283468817027038,0
296,0.630155011373644,0.0125146722479326,0
297,0.938189841778106,0.194070787725072,0
298,0.386543572129003,0.77851929970948,0
299,0.355461305638524,0.245144968966555,0
300,0.24774819717172,0.228390651395726,0
301,0.98864615382098,0.81141587850238,0
302,0.0751819322235798,0.719657312948097,0
303,0.816086043518077,0.871505639455982,0
304,0.551054714504189,0.640421835538196,1
305,0.234647120924037,0.349039453709982,0
306,0.546304397073716,0.128245205212499,0
307,0.610954901488011,0.388121086819154,1
308,0.0766750295072212,0.878598335142526,0
309,0.958388793728495,0.861475569597201,0
310,0.795193883960691,0.84639224356338,0
311,0.756987714095501,0.488886709552671,0
312,0.138049395819218,0.689599942737073,0
313,0.333374176329642,0.98618515859646,0
314,0.663043561700286,0.702981297719749,0
315,0.444757612163554,0.292564174296597,1
316,0.185362073213496,0.339257829980579,0
317,0.58705288571634,0.398455047699835,1
318,0.92773184735688,0.141835420924162,0
319,0.549624489876267,0.72746836427947,1
320,0.635978605894362,0.242251991407132,0
321,0.463786070451041,0.467445556292052,1
322,0.0772578190440581,0.529566915486738,0
323,0.737164419953322,0.501909806161146,1
324,0.401559770759921,0.550068754958952,1
325,0.117395758217851,0.507945236986478,0
326,0.820130505980985,0.493985736041323,0
327,0.449951085005864,0.40135595360834,1
328,0.471402937300225,0.499759444268308,1
329,0.673366482683162,0.385581989486507,1
330,0.386283136618455,0.829900884921616,0
331,0.208462077755696,0.84807341678444,0
332,0.195664223374643,0.942082946627439,0
333,0.163677380496486,0.207046567093137,0
334,0.541192319496159,0.212499853788176,0
335,0.460389239462274,0.934839608583059,0
336,0.328973845266259,0.230920429449026,0
337,0.225496963702839,0.552941892553559,0
338,0.382606173112339,0.289542157803449,1
339,0.411628890508613,0.60848248033248,1
340,0.95243552278375,0.831464370168496,0
341,0.584625387836539,0.112974806741334,0
342,0.585585539501899,0.936812375177076,0
343,0.472433668315613,0.691376337172173,1
344,0.889306744974715,0.185696932108,0
345,0.927052110399609,0.427972403088572,0
346,0.468468938241,0.16404250038976,0
347,0.341185227661014,0.806077720972746,0
348,0.0337899136514356,0.615712653666601,0
349,0.27178133291741,0.135174872416619,0
350,0.365889534990252,0.530117852860185,1
351,0.960717486664987,0.189059916971745,0
352,0.0896795154966784,0.182556149634792,0
353,0.178971391720218,0.589210076531959,0
354,0.268488772338484,0.897009192452305,0
355,0.0187497804960002,0.181860779496776,0
356,0.0881305537596953,0.0648840023506824,0
357,0.433146466702757,0.554818766449959,1
358,0.245275497085077,0.0954872710143622,0
359,0.262487877282541,0.258851848197566,0
360,0.469649278311827,0.472301043324313,1
361,0.317739822118422,0.355495387388158,1
362,0.285447743388567,0.0324168363737021,0
363,0.466370670342059,0.1649313448765,0
364,0.889735201788012,0.419419242730094,0
365,0.519151978902124,0.766893519445739,0
366,0.0177608248860393,0.276454018091994,0
367,0.242592945342228,0.422317669923565,0
368,0.870746883503509,0.395565470864794,0
369,0.0232952912446555,0.403029389867107,0
370,0.757840983456858,0.883223591783654,0
371,0.422887564833689,0.99229755252241,0
372,0.166947151612,0.745191330902833,0
373,0.339841849328876,0.403584935890317,1
374,0.730896033687003,0.786366461211055,0
375,0.560802223887668,0.938302642637073,0
376,0.35322477638406,0.0129294847198434,0
377,0.665525594104792,0.893588491665939,0
378,0.212378030741763,0.605222099276829,0
379,0.903612173583178,0.0572626791229763,0
380,0.716185479292732,0.0140400468437188,0
381,0.699474874743947,0.84906952960839,0
382,0.377857213550181,0.251856261050262,0
383,0.164099954610737,0.811676535667701,0
384,0.822291057008454,0.0108287967791915,0
385,0.68407188294645,0.849710026220283,0
386,0.0721919797697067,0.859458487415434,0
387,0.501010864740708,0.586425686528173,1
388,0.0494134784906234,0.325442269596012,0
389,0.188548235776158,0.540256412485734,0
390,0.692574987044826,0.0627857344517418,0
391,0.434035311189497,0.103368740576957,0
392,0.858617018842426,0.580849336265051,0
393,0.413668743061679,0.00483134016619592,0
394,0.610928423987203,0.349004453676289,1
395,0.209939639181802,0.265524784226681,0
396,0.491953297281616,0.966032612121679,0
397,0.686843910574375,0.743800936613139,0
398,0.183748717039707,0.573818035225299,0
399,0.61444033897223,0.915090890561738,0
400,0.581091376292096,0.528165313661175,1
401,0.581293878881863,0.720067236907811,1
402,0.102294578264605,0.711092197667385,0
403,0.866110662867367,0.493766288968626,0
404,0.511918619979135,0.0790999075766187,0
405,0.844175013175316,0.886935761145752,0
406,0.41667386350067,0.363355761097444,1
407,0.364687692078151,0.653399744840991,1
408,0.580004735654222,0.59610613416699,1
409,0.990452510765964,0.79700787728513,0
410,0.838187517988583,0.159268614444541,0
411,0.200748111680498,0.473286603332165,0
412,0.80088915759739,0.41854709871977,0
413,0.357756728938667,0.106159367648028,0
414,0.172614576841059,0.757209928127569,0
415,0.402676969488467,0.475595443265324,1
416,0.711001930623782,0.27345734521442,0
417,0.959165036193638,0.16440967338365,0
418,0.481491855569879,0.713968074281685,1
419,0.00107416231235217,0.147524821175041,0
420,0.714738673397684,0.919902454093053,0
421,0.492912720187061,0.531828516410584,1
422,0.504829440500973,0.32300387803605,1
423,0.84885092072601,0.128597536184172,0
424,0.601344920043528,0.033444165733384,0
425,0.163796200958917,0.587642582872716,0
426,0.583365524459335,0.817432461687099,0
427,0.0769033725731556,0.421822761847555,0
428,0.327417201980677,0.108007275549698,0
429,0.919178079310422,0.683747479544835,0
430,0.353335468728717,0.759951295219339,0
431,0.321151712127566,0.754708691851566,0
432,0.676422938088152,0.368579569909992,1
433,0.17593383052197,0.143216518286251,0
434,0.404190724903806,0.2002780186945,0
435,0.171907889271112,0.866036661372537,0
436,0.595031971854638,0.842927689590923,0
437,0.0822692038874464,0.91828506389553,0
438,0.66635589425748,0.668919595269915,1
439,0.968457162831192,0.47788527956134,0
440,0.56969617799376,0.229159192754496,0
441,0.504814447604499,0.139170411107675,0
442,0.593413727168652,0.815034386615751,0
443,0.892229918805989,0.893569468936682,0
444,0.196553972641264,0.537342274346083,0
445,0.836992471402973,0.37348458002018,0
446,0.794789994971263,0.317326682767517,0
447,0.794189352446324,0.954787378178345,0
448,0.598750741965487,0.738204028335495,0
449,0.855405578322432,0.136249870590982,0
450,0.14707004751408,0.705634402439759,0
451,0.724406811280365,0.401066901349028,1
452,0.861536276462272,0.29775953958638,0
453,0.992610611018078,0.740437834868411,0
454,0.735163257799653,0.158618308677626,0
455,0.755466867590075,0.658497606710763,0
456,0.139550112718507,0.441292799749082,0
457,0.114051301551075,0.124176275974222,0
458,0.25513684761484,0.181981301019891,0
459,0.161294964682914,0.861388551472401,0
460,0.476349651104002,0.282364361585288,1
461,0.946662545644987,0.866848450557724,0
462,0.363285547291527,0.798423309250932,0
463,0.0712466664012739,0.277705289087121,0
464,0.0487383371445995,0.127481825709102,0
465,0.319534321930043,0.928151865921985,0
466,0.813514016947483,0.83220729224021,0
467,0.330815232047259,0.864061775554,0
468,0.50475238147413,0.103747546255471,0
469,0.277634134645403,0.295654187582272,0
470,0.822423775597673,0.151792083937578,0
471,0.158406211137029,0.0379356639636381,0
472,0.781875406756008,0.178494864692211,0
473,0.233934467301673,0.353497195222181,0
474,0.203275381216442,0.670013076472102,0
475,0.699650530563505,0.416769440945596,1
476,0.576909063652581,0.99401702685003,0
477,0.65990021948698,0.864705685928793,0
478,0.758971856794773,0.857558360722642,0
479,0.0377813540575008,0.0631129672113401,0
480,0.226512873185106,0.714905321930957,0
481,0.691699497723812,0.607681432090551,1
482,0.839083986747583,0.82731500166809,0
483,0.84498358976328,0.307342820478297,0
484,0.110477567701823,0.249989525997075,0
485,0.619423894500092,0.151389301359369,0
486,0.904347166374487,0.865640777100642,0
487,0.0389647758747287,0.324557567166424,0
488,0.123958150448258,0.908726881681349,0
489,0.0849730438017161,0.184790682599317,0
490,0.564488841949258,0.717749471179093,1
491,0.0744299078706791,0.378725260672497,0
492,0.427831295145597,0.902764880984446,0
493,0.351242802269404,0.819496990097452,0
494,0.17230707275323,0.466109546118467,0
495,0.105089918759228,0.647194020751488,0
496,0.0659661921979702,0.214521167434063,0
497,0.0691413143971662,0.107518453666716,0
498,0.460092586213766,0.550724779046478,1
499,0.198851677216055,0.954560405087918,0
500,0.333511274928931,0.926591646823376,0
501,0.243019627520358,0.953285855219367,0
502,0.0505891819720106,0.548261229204136,0
503,0.512422274571109,0.711268286551939,1
504,0.955052250975302,0.335342652320556,0
505,0.740747535480534,0.850244975113424,0
506,0.772585316920926,0.852990671458184,0
507,0.498624125262082,0.508763402006013,1
508,0.640475414060278,0.312974237051315,1
509,0.179850136944954,0.936319105763137,0
510,0.476072199398685,0.0254865996658274,0
511,0.135035747725068,0.644368021583356,0
512,0.144899607237847,0.972229873748603,0
513,0.0854231091613989,0.689825998940424,0
514,0.796499462703475,0.931446322208013,0
515,0.864464980952658,0.57323337140178,0
516,0.709875204465294,0.130412638713798,0
517,0.851279407670386,0.637897195125882,0
518,0.474729843658735,0.121144052651312,0
519,0.328136078700487,0.879570065941461,0
520,0.390342606413338,0.639974515717465,1
521,0.864444739122151,0.836964420432674,0
522,0.725362010637932,0.254844943645804,0
523,0.874608703830563,0.212975520739786,0
524,0.715897042171982,0.560377912391153,1
525,0.467043039606439,0.147118349162451,0
526,0.370874642101524,0.262532571452918,0
527,0.478488205689233,0.308024675263103,1
528,0.791555899098309,0.598651605937002,0
529,0.80838624798152,0.0783593082234074,0
530,0.462838120042737,0.822596275630685,0
531,0.914768823848464,0.023605928767289,0
532,0.470877671367897,0.167514164078754,0
533,0.14036977064813,0.642172678207128,0
534,0.00171126378779824,0.8607269301362,0
535,0.0340335583472781,0.519331361408965,0
536,0.984838158350828,0.300280071003493,0
537,0.545976499349799,0.836097683681221,0
538,0.161041860543677,0.298071327292394,0
539,0.919006010945424,0.890054663592044,0
540,0.0976211699180404,0.872447588421613,0
541,0.973928956768442,0.236121550312322,0
542,0.464403282601574,0.717346631790207,1
543,0.202358729300256,0.447342633012376,0
544,0.651924433024565,0.543254732407282,1
545,0.846341296027573,0.876078237721733,0
546,0.312757804669793,0.249776770477079,0
547,0.416731945898725,0.567746330782653,1
548,0.725205691869001,0.840838810354862,0
549,0.366086749064776,0.557847846559178,1
550,0.114475172997674,0.232436025623435,0
551,0.211264256951988,0.855170112035782,0
552,0.526344354043875,0.947711678197473,0
553,0.162280190811623,0.0705945710980308,0
554,0.716556072103119,0.642390522008012,0
555,0.146982814719427,0.493484571805915,0
556,0.679645594991579,0.918331584389476,0
557,0.980738138305367,0.590390531621124,0
558,0.848667318862242,0.678647273536142,0
559,0.559202646165715,0.75353103957769,0
560,0.965155434778498,0.693027137635754,0
561,0.990248245182563,0.458456531380516,0
562,0.0143856341086261,0.157955320625545,0
563,0.206573556739173,0.735061387873749,0
564,0.883548125104768,0.978230168567146,0
565,0.11089199181222,0.320203050188815,0
566,0.931984578227617,0.361158164386245,0
567,0.77557949059437,0.865185144294605,0
568,0.661183331469625,0.11875884473266,0
569,0.709777196268447,0.516691604404101,1
570,0.555066440978584,0.131764158202225,0
571,0.730786560909258,0.00953391101655267,0
572,0.396271917687856,0.352856724221658,1
573,0.196432642730154,0.394426220280317,0
574,0.269038632171712,0.826341414277601,0
575,0.719079011920411,0.0465584183328591,0
576,0.281636164189147,0.612555709487086,1
577,0.59269241178068,0.42144803536192,1
578,0.242187780440872,0.752807725571472,0
579,0.840784477927156,0.36838903341833,0
580,0.7411381214583,0.427218802937874,0
581,0.187046445993263,0.738325903535972,0
582,0.531498530195792,0.826779764530612,0
583,0.561499993578298,0.318487430605333,1
584,0.142752093795106,0.115552994010762,0
585,0.929207200151499,0.729908474129582,0
586,0.968870077267694,0.0425110417616139,0
587,0.198464598599106,0.833391276576273,0
588,0.962240576726496,0.98071433416601,0
589,0.0621846136926602,0.661528909886968,0
590,0.961522677895391,0.812147336458856,0
591,0.466022755702037,0.0572067108271675,0
592,0.259151156646736,0.0643335734793607,0
593,0.0385668859996679,0.319428868740531,0
594,0.768465752605566,0.35413145523245,0
595,0.622997363853733,0.908375605898153,0
596,0.277974366805504,0.341388162850117,0
597,0.775553482945801,0.12784763804071,0
598,0.944717712208963,0.992460657373285,0
599,0.47803538082076,0.569492153157244,1
600,0.79135673064336,0.877945212124821,0
601,0.251674126485211,0.15348563816095,0
602,0.897134214126102,0.989170537790829,0
603,0.0776883410651648,0.239125122427533,0
604,0.41409111088798,0.759301135204407,0
605,0.459207458635423,0.261473446274862,1
606,0.690623111878812,0.179255568040188,0
607,0.406866355522939,0.928990784999445,0
608,0.961196047235837,0.129839735166095,0
609,0.479174746889237,0.467164956716432,1
610,0.788212878530944,0.242071124837767,0
611,0.550021677999767,0.788620638562655,0
612,0.492555630157029,0.0208315942533461,0
613,0.451934107324078,0.627481914417577,1
614,0.266957558815813,0.0706169605583963,0
615,0.88867356436731,0.969779919353211,0
616,0.50267895334525,0.492692460535417,1
617,0.870172179243608,0.0835774657705694,0
618,0.560473209973645,0.312537117541086,1
619,0.160072496701066,0.269980618855907,0
620,0.986645232414196,0.799441763572135,0
621,0.905337757852551,0.00916461740115872,0
622,0.894923996597027,0.36152391757887,0
623,0.217752494019341,0.098718798765316,0
624,0.934521807327178,0.846562697946356,0
625,0.166651590804873,0.814877977042868,0
626,0.513285910484048,0.0108704241043285,0
627,0.781279274626299,0.549285605805593,0
628,0.327923534125054,0.463053487922556,1
629,0.660930008003921,0.876302619872756,0
630,0.537236430466751,0.450206426647588,1
631,0.97216756361172,0.343474150329583,0
632,0.870627570837097,0.489427539282212,0
633,0.758794492929613,0.197930651343395,0
634,0.309083388796581,0.32328888975237,0
635,0.368517575025799,0.648658929694751,1
636,0.969767238465029,0.20919412803333,0
637,0.480519724302236,0.988771114958809,0
638,0.336733366985216,0.540857060598609,1
639,0.893696641965628,0.131031712578159,0
640,0.803079100234005,0.353215308558762,0
641,0.692960107090399,0.420394860869457,1
642,0.903965369753523,0.0737955873244422,0
643,0.456494008869163,0.491808529240921,1
644,0.711413185909117,0.320886573438014,0
645,0.755653931645515,0.0974197220510895,0
646,0.651607109537165,0.28376987682831,0
647,0.732744188389156,0.536438805766608,1
648,0.827274199960415,0.561863607522968,0
649,0.138537046564062,0.405496457314816,0
650,0.602729424649258,0.0198218426759456,0
651,0.789635409968735,0.611232917574808,0
652,0.478045122920557,0.517992661110122,1
653,0.845110738577838,0.304091782450719,0
654,0.530350699802093,0.79250815966749,0
655,0.212552238820378,0.787066473526445,0
656,0.569356845956928,0.529898295425763,1
657,0.0732235196387505,0.184021121907989,0
658,0.757246319557189,0.551772702742262,0
659,0.43950878057606,0.796831983512655,0
660,0.0329335304130491,0.266985963688691,0
661,0.486517465434278,0.988196815358567,0
662,0.567634958106854,0.27109785297471,1
663,0.997051820157586,0.685997361636719,0
664,0.476449939644174,0.944080918535628,0
665,0.161496914998394,0.774869759462247,0
666,0.402320014034547,0.488200184650812,1
667,0.528302287928901,0.78325725755806,0
668,0.563579898590026,0.0817271895155903,0
669,0.942349737948901,0.385972708643401,0
670,0.228684848746604,0.152402226418444,0
671,0.961457829438829,0.918905026241627,0
672,0.108334334617636,0.96858745811907,0
673,0.528062876094162,0.121708814111403,0
674,0.21054635718956,0.548723066481167,0
675,0.779192486209419,0.275501497218153,0
676,0.122354826946908,0.341705063051407,0
677,0.372562926901767,0.335743460960567,1
678,0.533304377241668,0.801438594610169,0
679,0.043597959467954,0.206947269945847,0
680,0.520940840952536,0.159113376941119,0
681,0.827641842806545,0.586269781266465,0
682,0.631011244669096,0.43768247935813,1
683,0.384746459491899,0.0811566613061152,0
684,0.00159600749686174,0.289966262080691,0
685,0.620441223317963,0.675519130041599,1
686,0.609422964793361,0.0535360719326586,0
687,0.568147134766051,0.880531303994605,0
688,0.305528134249862,0.567612439192651,1
689,0.87986248074093,0.599047499987785,0
690,0.743034976880548,0.875343006046183,0
691,0.47545100444716,0.927726873163007,0
692,0.164888432326209,0.885995417780241,0
693,0.652514932515339,0.0606149509831401,0
694,0.115637257749046,0.192558826968334,0
695,0.249952880316392,0.762141303979857,0
696,0.0381292300476363,0.735402468003054,0
697,0.865031867690865,0.0695714718054847,0
698,0.324760383611899,0.375188048172364,1
699,0.287893781572531,0.670651855259506,0
700,0.583840998627171,0.446906214788047,1
701,0.120112806614541,0.920580095108869,0
702,0.928281843163204,0.10367335616782,0
703,0.666078532424792,0.0688187550142495,0
704,0.773557928285356,0.492031622907162,0
705,0.0302153267107044,0.965691938049017,0
706,0.921576113869239,0.444550459480169,0
707,0.463912293065298,0.645597834906354,1
708,0.683662372493959,0.899914969643538,0
709,0.421381348940256,0.745015826888855,0
710,0.785167546842791,0.324131508508758,0
711,0.965519403557069,0.809037180528528,0
712,0.040013381764299,0.858299919338105,0
713,0.637389899993963,0.874020496790307,0
714,0.188504204241794,0.498575662960566,0
715,0.555770920382706,0.930340086077498,0
716,0.27971865762012,0.209210625481424,0
717,0.0152065013606132,0.296128762092501,0
718,0.755230199431642,0.554870909338291,0
719,0.999445029999802,0.061215076158389,0
720,0.219916885355449,0.58369617750109,0
721,0.287057022697784,0.623605634841884,1
722,0.16234350025763,0.284260942267376,0
723,0.840565190110619,0.593578770567467,0
724,0.271490174937756,0.219434032784511,0
725,0.385909099311526,0.424845413968361,1
726,0.953806699232108,0.542877954683675,0
727,0.885484308416715,0.259709490118413,0
728,0.481386811230977,0.311075626086013,1
729,0.88056671334457,0.0699819238250991,0
730,0.466283456173857,0.792058035634485,0
731,0.880314550772456,0.274982265324789,0
732,0.936260702524456,0.0998752406332061,0
733,0.685973280428896,0.712365488387814,0
734,0.429343958119556,0.167783530972797,0
735,0.890367635474712,0.128791463155668,0
736,0.900469939643736,0.360166272781867,0
737,0.525098941533407,0.201471369341701,0
738,0.0370744858109739,0.341913768715185,0
739,0.646693680270898,0.755752439496923,0
740,0.0177347292274864,0.0438111294264957,0
741,0.602530321852551,0.969070171457282,0
742,0.112666563649041,0.130925506414345,0
743,0.97653338684539,0.736840702936445,0
744,0.323726317064709,0.7554970112422,0
745,0.814741950861524,0.444154573345629,0
746,0.674304195993722,0.929463106174703,0
747,0.594931619984532,0.427858849720964,1
748,0.703381626728634,0.0120747573729953,0
749,0.687344932317429,0.0624682596244236,0
750,0.598287661838479,0.128199701722804,0
751,0.164234812447911,0.103706643964959,0
752,0.3290663973098,0.257117636155858,0
753,0.524375474324625,0.593640426450242,1
754,0.0177790131502687,0.684012939075014,0
755,0.222635004307439,0.139473042515792,0
756,0.664381945815115,0.124814273847646,0
757,0.0522471945976127,0.422472326747362,0
758,0.189527713781934,0.911244379315173,0
759,0.162315701675748,0.80533519611011,0
760,0.123341853787816,0.949132577492452,0
761,0.388639171323105,0.673846946877356,1
762,0.353041580111273,0.446213062129083,1
763,0.454487267161946,0.971006833469033,0
764,0.765234652797335,0.097240091812443,0
765,0.498089742613067,0.0249997284379786,0
766,0.654568836397756,0.584225420646474,1
767,0.157464777658444,0.889535027504682,0
768,0.879576316978585,0.498823677887592,0
769,0.640003774147482,0.855548927493183,0
770,0.60655003208972,0.382892960395148,1
771,0.719061689786176,0.639713377989695,0
772,0.532862006934761,0.675268908345731,1
773,0.779772627530514,0.549489922146075,0
774,0.877215911577091,0.17245929323717,0
775,0.23833113593903,0.792137247413461,0
776,0.849759055697247,0.882009736207318,0
777,0.939126405836608,0.649155084346028,0
778,0.739560530399699,0.490387865570554,1
779,0.750665063853685,0.882853335180717,0
780,0.802630368993911,0.553368640855592,0
781,0.828405773652906,0.920538921337826,0
782,0.185923196461947,0.19763527586946,0
783,0.484904206118036,0.0801565251686408,0
784,0.967349496189202,0.162712167092931,0
785,0.542896009768777,0.690704035894342,1
786,0.271240605167691,0.306766774182565,0
787,0.19878516402039,0.740448893392668,0
788,0.230070887706276,0.74892579333341,0
789,0.140984939942595,0.677772671765542,0
790,0.666440434598569,0.904997345015871,0
791,0.0937909218919421,0.592775359560165,0
792,0.858908955873413,0.705952495199606,0
793,0.175240672740732,0.772559100190438,0
794,0.645099014809867,0.508309693312417,1
795,0.149974497104983,0.389188451408031,0
796,0.748158614033907,0.757150438966765,0
797,0.0529185584992722,0.0531813912341285,0
798,0.554487186742242,0.79852276844835,0
799,0.453790181527748,0.335226731065301,1
800,0.190364702227695,0.699616102361873,0
801,0.582140425956873,0.71450374448416,1
802,0.629563283468393,0.547627100044688,1
803,0.52089664224577,0.542992281514682,1
804,0.683224572186929,0.19867751244394,0
805,0.419084196639752,0.990634737066289,0
806,0.349402925627959,0.0728923920881433,0
807,0.216412900582148,0.89763302397804,0
808,0.45957771896365,0.235630414092741,0
809,0.0616299654644122,0.479970701262341,0
810,0.0223946031287287,0.712345105927598,0
811,0.435057510358774,0.459039802876785,1
812,0.0127376699879475,0.153707558360746,0
813,0.942545421860435,0.514090166200926,0
814,0.253848215683293,0.145603772786261,0
815,0.185961706650426,0.431548119257925,0
816,0.295135611805662,0.805758208877294,0
817,0.487407969537847,0.966824332236696,0
818,0.322856919058998,0.379287177407782,1
819,0.963212076091772,0.311281855828726,0
820,0.185055852953836,0.63224839122605,0
821,0.0893345280035094,0.446421502365927,0
822,0.0892254966726645,0.159339760038694,0
823,0.0397855257800713,0.675266221945764,0
824,0.540737538384617,0.155285534521232,0
825,0.593603672270479,0.318856772649501,1
826,0.736892802983938,0.973819480265407,0
827,0.312832127936572,0.478019596300097,1
828,0.264558592003099,0.123100623080088,0
829,0.701766074496212,0.475855725107647,1
830,0.605081678184253,0.00680647604484413,0
831,0.289144065831389,0.537620799400667,1
832,0.0127158057935144,0.987536077381827,0
833,0.695499125260627,0.543644716750665,1
834,0.585484422550297,0.249588568345452,0
835,0.574776104919043,0.0802905415558678,0
836,0.272418338000969,0.750348109635687,0
837,0.294914848308505,0.390146211902679,1
838,0.623010577924089,0.988636007992847,0
839,0.369814306204121,0.853397909949253,0
840,0.113922032580675,0.267279199914671,0
841,0.973352627816309,0.0985626811620606,0
842,0.552000100515783,0.867104934000925,0
843,0.694655316273987,0.321316131540256,0
844,0.492926080940723,0.00938837323774974,0
845,0.702265740233597,0.19975629597891,0
846,0.67752110291157,0.487356350984125,1
847,0.706200177644473,0.178249376908992,0
848,0.34310432539466,0.551713728602842,1
849,0.433705696572413,0.101689419290838,0
850,0.463840634778068,0.496140809029406,1
851,0.0897817993954671,0.291148970039165,0
852,0.58050942960219,0.513313130714611,1
853,0.0464384346485317,0.986544693348252,0
854,0.678904631956902,0.922685916033893,0
855,0.855009018376008,0.275922584010252,0
856,0.753286316875967,0.848368164546959,0
857,0.361933692526973,0.337802478269582,1
858,0.0334538482285355,0.190581384669329,0
859,0.985620698884884,0.14561087179259,0
860,0.29288076110784,0.374182993720371,1
861,0.0507186358099424,0.576096049312547,0
862,0.547322828111855,0.375019808940133,1
863,0.402769438644298,0.785061987016845,0
864,0.0441479319912139,0.116665471399513,0
865,0.0470418865080187,0.0712968493212465,0
866,0.554930311420434,0.268124886913283,1
867,0.389557275171185,0.617781223551268,1
868,0.177497400519204,0.682203657777144,0
869,0.518053251559871,0.0386869698011721,0
870,0.820666499352393,0.708110622925735,0
871,0.642411499583354,0.57024016490683,1
872,0.154379354861742,0.426343156223345,0
873,0.446469979102942,0.82915293836461,0
874,0.125422658457152,0.368397699374891,0
875,0.144795528680457,0.152522940725332,0
876,0.566093029717958,0.288094824779823,1
877,0.808808658182998,0.089657641057697,0
878,0.445422173219464,0.51368575008292,1
879,0.74382614192731,0.205489620662057,0
880,0.110543692070313,0.261376447631687,0
881,0.942396761357038,0.562239160557389,0
882,0.875644029525874,0.783712169054762,0
883,0.720992272589818,0.485161429962684,1
884,0.458810889375774,0.744152468975704,1
885,0.160305077750378,0.351250190451392,0
886,0.672528133109458,0.946933729083712,0
887,0.324944372440197,0.584770138182105,1
888,0.731771494137017,0.480478470903113,1
889,0.421716694450805,0.12097967188851,0
890,0.928549829837191,0.573616500279688,0
891,0.659639328559693,0.675750232616323,1
892,0.971869942719056,0.894518945782687,0
893,0.505203819603288,0.266835486640611,1
894,0.459316228730286,0.299899634113489,1
895,0.172359050331804,0.663811650436284,0
896,0.938377515849833,0.312563630897814,0
897,0.928143277730859,0.559290051720706,0
898,0.765713861568698,0.0801723390259651,0
899,0.694596135380955,0.37066718580698,1
900,0.705350883633527,0.961308549140258,0
901,0.370342048988837,0.381270189481448,1
902,0.208092621624513,0.793545338229064,0
903,0.479994807615874,0.619159300634246,1
904,0.963150452339626,0.224038520000893,0
905,0.35788614692068,0.964943702316351,0
906,0.0919690556321149,0.622846470038801,0
907,0.276939790824866,0.536927191790625,1
908,0.601737119071994,0.266646528740715,0
909,0.590369217838333,0.981125083743187,0
910,0.278508349451473,0.454156785949206,1
911,0.0258452012323985,0.158911255262285,0
912,0.5717934186439,0.496493427314094,1
913,0.412872674601559,0.359964502211644,1
914,0.0187904513528526,0.765654320719491,0
915,0.819056276613407,0.651599155111052,0
916,0.785882335522157,0.0510495086438253,0
917,0.415628788254982,0.967241280696933,0
918,0.203274451290851,0.278369139078245,0
919,0.46765761099181,0.178324604489992,0
920,0.414524138166813,0.886044518969042,0
921,0.303685034300985,0.235277708729393,0
922,0.942013487192808,0.207415348015453,0
923,0.571842594804169,0.315531045811032,1
924,0.0356238400729484,0.391216085940234,0
925,0.957552932648711,0.499067332827983,0
926,0.489803121187632,0.713471051637768,1
927,0.0921588363555068,0.251194097684321,0
928,0.93546334790786,0.211430793726552,0
929,0.809476770837548,0.711599194310419,0
930,0.380672663627506,0.12003030540423,0
931,0.600368849281393,0.197496131620135,0
932,0.404982243387486,0.706286991809628,1
933,0.179061366794194,0.0409195469882896,0
934,0.207217681783818,0.309698510127933,0
935,0.333652740499774,0.323367979993749,1
936,0.798988917748904,0.412044613348341,0
937,0.566600945576374,0.392463830482431,1
938,0.150471751648221,0.790567492503006,0
939,0.216897768069477,0.364378070628447,0
940,0.924650832509925,0.0973416287905265,0
941,0.324340662138695,0.627574365412618,1
942,0.80810138807078,0.319988943785424,0
943,0.161796033923419,0.072411283884389,0
944,0.958890672288318,0.164434690570661,0
945,0.0317779327890733,0.991843657564299,0
946,0.468892368240697,0.756058416681391,0
947,0.797651940862486,0.294493832762583,0
948,0.285675669687649,0.10618890268085,0
949,0.830295465341907,0.23572649538318,0
950,0.0283539812212596,0.530923047815879,0
951,0.108313364027214,0.725925329945015,0
952,0.0575633454404601,0.634184952654962,0
953,0.700078415079079,0.0777585078392916,0
954,0.146870106061394,0.699695005873076,0
955,0.1007223460361,0.144895855404854,0
956,0.994533025657075,0.445098700209101,0
957,0.786948361800494,0.283331034836979,0
958,0.795689643265535,0.972794483868775,0
959,0.389394743549356,0.0849932996020621,0
960,0.544490957886209,0.106650082909805,0
961,0.0820288746999711,0.0427829912131573,0
962,0.27792057733886,0.341809082935475,0
963,0.854475611753052,0.0429305010675129,0
964,0.614392672485855,0.272107112813791,0
965,0.106788160794782,0.044282848967371,0
966,0.960272027161099,0.981171272686297,0
967,0.336024089407187,0.393727784694046,1
968,0.989028264763313,0.59841533219368,0
969,0.570011019972158,0.173916435415818,0
970,0.619910528706345,0.0840375260841276,0
971,0.925541177822995,0.259195666415242,0
972,0.0637123445345612,0.88688207738422,0
973,0.997310631907224,0.0237936680315964,0
974,0.969110054880898,0.514320906025507,0
975,0.498804189497048,0.312881185818874,1
976,0.716794159131494,0.745302165739845,0
977,0.691235537496971,0.921703898311455,0
978,0.448894173115908,0.0655303728140566,0
979,0.448004752606156,0.715754262504985,1
980,0.77970934090191,0.657147914011566,0
981,0.463365835353437,0.874762993247604,0
982,0.592906845078295,0.056439497068729,0
983,0.184623828243755,0.0133617529707783,0
984,0.109074610801914,0.393220577106448,0
985,0.294302770073667,0.197274311071855,0
986,0.402783463896617,0.215478308133538,0
987,0.465082770895717,0.460453431802082,1
988,0.18110890508681,0.822833208284729,0
989,0.979070646678596,0.39103849995464,0
990,0.344498451028251,0.830681943721456,0
991,0.0738204461866154,0.100071766460348,0
992,0.773302923316743,0.793906974975908,0
993,0.327488689835877,0.214969861421254,0
994,0.289935735189326,0.414320191095732,1
995,0.944833611578137,0.923497891949256,0
996,0.150410579587524,0.854256757467173,0
997,0.394207094513908,0.962762614694779,0
998,0.620671690730691,0.0507781845753911,0
999,0.666288821336948,0.00727284746583218,0
1000,0.702258249140465,0.983948878936446,0
1001,0.914719057229682,0.575889477774449,0
1002,0.22001813595184,0.301529878425193,0
1003,0.910097721922257,0.501315850997956,0
1004,0.280219394844128,0.230782105694889,0
1005,0.740594993224645,0.626060964831179,0
1006,0.0864597261354605,0.0569662526515155,0
1007,0.371255811476733,0.949027397180454,0
1008,0.583327467824951,0.363294068893089,1
1009,0.101460069930861,0.798999870102387,0
1010,0.728950807232852,0.9696539668225,0
1011,0.723426017781452,0.694754419706182,0
1012,0.448386965528311,0.370804878124411,1
1013,0.0468637314843311,0.548526706429444,0
1014,0.82127121361963,0.502320156200938,0
1015,0.839781741071391,0.130330720511419,0
1016,0.156544386947781,0.971797799212764,0
1017,0.688780250814175,0.360549572091806,1
1018,0.915962886491773,0.497930968412166,0
1019,0.880053630508507,0.47177304489155,0
1020,0.883809253053651,0.82617283883792,0
1021,0.934750466577127,0.0591536294944368,0
1022,0.673725197871088,0.318772646746958,0
1023,0.837038165813795,0.0934443269360086,0
1024,0.48300094599044,0.445179697333453,1
1025,0.379435146869829,0.257377621837602,0
1026,0.94931811464453,0.867288951234561,0
1027,0.27832204023298,0.732604282317964,0
1028,0.260522861154993,0.219964637523501,0
1029,0.127502512246139,0.84921325782743,0
1030,0.254666146940862,0.361571015492813,0
1031,0.680044637378326,0.77789923864319,0
1032,0.391000364623498,0.610264272713225,1
1033,0.469516577883398,0.114661926922697,0
1034,0.36818600183734,0.0107062393849279,0
1035,0.0330645106886814,0.0853964994127846,0
1036,0.483240438384582,0.629687025039311,1
1037,0.915190617048736,0.902777968394932,0
1038,0.0349035002453735,0.664272388287015,0
1039,0.0210292218350941,0.129614318781353,0
1040,0.533766712310615,0.953419404548323,0
1041,0.0655257604390037,0.376091516286177,0
1042,0.122885009331109,0.582404119233789,0
1043,0.181012605866889,0.28925543571322,0
1044,0.693475758979784,0.956175968496211,0
1045,0.100026710936812,0.695998248968273,0
1046,0.370428456166027,0.0308403726810777,0
1047,0.217106897950688,0.522238237560838,0
1048,0.146128201459594,0.156851227933937,0
1049,0.668153264870939,0.0634609251578622,0
1050,0.84925606886356,0.722376238891099,0
1051,0.725258325098668,0.472294706605512,1
1052,0.412115186644772,0.294038647457044,1
1053,0.77413718345302,0.319631089605219,0
1054,0.952098334185825,0.375544071838047,0
1055,0.697700782072591,0.596250472867978,1
1056,0.198935415688406,0.997888193464786,0
1057,0.315446545516814,0.301246742392539,0
1058,0.29604525505381,0.303953121092149,0
1059,0.65501422931208,0.808596245389709,0
1060,0.429251666846337,0.180261142170178,0
1061,0.421186167942912,0.412010033341129,1
1062,0.910679528448116,0.337066261720409,0
1063,0.714968043246757,0.452400065703504,1
1064,0.412580127088623,0.392952379487898,1
1065,0.756649766935338,0.878052272311436,0
1066,0.996119123416077,0.957568296677232,0
1067,0.280358249917793,0.811390473419517,0
1068,0.228161079449654,0.593231053833492,0
1069,0.963976329641406,0.828846361874066,0
1070,0.808266935780769,0.86138151626167,0
1071,0.337157101527395,0.317931687141737,1
1072,0.25847518642362,0.503776238068834,1
1073,0.497062833279866,0.372540262701241,1
1074,0.715393827164263,0.915860155558148,0
1075,0.226192982507028,0.842175080367445,0
1076,0.501836998621857,0.859557019481229,0
1077,0.634209258311526,0.668994926693381,1
1078,0.301190070948186,0.313248291757539,0
1079,0.561615178157396,0.0750489249243629,0
1080,0.579070604210287,0.321737117749516,1
1081,0.907050962516596,0.559145954697926,0
1082,0.618894304902709,0.819648509761155,0
1083,0.600131349451901,0.241367119011174,0
1084,0.717529943546993,0.504056072097298,1
1085,0.0730856629428853,0.702814201220318,0
1086,0.339976791450743,0.826167867438015,0
1087,0.000329309608940645,0.567870150584667,0
1088,0.843104040642783,0.103254480801176,0
1089,0.153534846917509,0.406903290379282,0
1090,0.840003428440543,0.342427780545516,0
1091,0.73700623853924,0.496719971530475,1
1092,0.16675939698087,0.914474686567893,0
1093,0.376215273689579,0.136562103934848,0
1094,0.323359038365706,0.611363323224412,1
1095,0.51020040247133,0.914912787692115,0
1096,0.0316158756760954,0.888927404717043,0
1097,0.249775757663779,0.486529818031252,0
1098,0.954330553745073,0.778011146829469,0
1099,0.699037382239028,0.438826676662465,1
1100,0.903644888616933,0.255695714268692,0
1101,0.655010319154249,0.211337755066966,0
1102,0.842774492615263,0.52337878128671,0
1103,0.502198288916702,0.675669131183843,1
1104,0.859227709872288,0.0663391077268585,0
1105,0.825890886050598,0.197935590147011,0
1106,0.15971344484003,0.154711887778114,0
1107,0.23504549648382,0.236642823664771,0
1108,0.584730879210276,0.410330990986121,1
1109,0.392386557717056,0.704419618334817,1
1110,0.443433236071576,0.463569245517053,1
1111,0.918008080645468,0.106166620322581,0
1112,0.993855669625968,0.15817287525077,0
1113,0.671198325544222,0.4510493867337,1
1114,0.576392109774236,0.513799491577688,1
1115,0.613539596839594,0.0650928938133143,0
1116,0.404217098562148,0.714708170255045,1
1117,0.503258401762349,0.584307714171851,1
1118,0.687417461391267,0.525668483472275,1
1119,0.653945478915211,0.64338061569416,1
1120,0.41227639765119,0.700546142505736,1
1121,0.277334394062559,0.257019930638848,0
1122,0.785472437173814,0.312264812324319,0
1123,0.755199342852086,0.876903987897981,0
1124,0.653881908233223,0.013132933999008,0
1125,0.901798938820976,0.543999562758952,0
1126,0.385624589112412,0.994617763904211,0
1127,0.995393440590889,0.44007564309988,0
1128,0.337687633623224,0.548843698831668,1
1129,0.217482085440998,0.684601617364493,0
1130,0.852180455742488,0.0511489021830023,0
1131,0.099277021409607,0.3454282182946,0
1132,0.452799510887265,0.760797992237284,0
1133,0.793718491584863,0.445005274584985,0
1134,0.651453486015766,0.650737782311969,1
1135,0.549225362273504,0.0590623957380012,0
1136,0.75638551207091,0.749005942022896,0
1137,0.292143220683626,0.74288709356584,0
1138,0.186234851454494,0.66098815000662,0
1139,0.320694183148767,0.681590857301648,0
1140,0.402973532398685,0.794294337646241,0
1141,0.797167478500478,0.563259175775228,0
1142,0.612000552756712,0.0695400340806414,0
1143,0.679468304700902,0.409599334657937,1
1144,0.719314729664156,0.0631827586624691,0
1145,0.246620080548627,0.138573762559599,0
1146,0.308186398031277,0.969343861550719,0
1147,0.791200159951672,0.361127495468188,0
1148,0.601269121096129,0.931906175767959,0
1149,0.804220419751583,0.0246744449365299,0
1150,0.518546320739457,0.310194068267101,1
1151,0.225450501882215,0.00314412592125317,0
1152,0.463907571725504,0.842736543082975,0
1153,0.787614050688042,0.636618647089516,0
1154,0.702474543220585,0.252506347025049,0
1155,0.253840791645386,0.676699483616603,0
1156,0.228149515682901,0.53589122813935,0
1157,0.281628084965808,0.0578861180962464,0
1158,0.253981423682525,0.536017845634379,1
1159,0.733427665537888,0.383259476806624,0
1160,0.081329687536382,0.384119156926926,0
1161,0.725690544920829,0.588270727353297,1
1162,0.404117701763342,0.410651599713905,1
1163,0.750875997706724,0.787041650520191,0
1164,0.957805782071224,0.931015725215439,0
1165,0.141617972469711,0.254328675686535,0
1166,0.856767730255037,0.296019738212237,0
1167,0.163044536562192,0.0927794641315841,0
1168,0.568843835764026,0.794023352579225,0
1169,0.0993516040497234,0.769264009673737,0
1170,0.281925983392599,0.0428496576113858,0
1171,0.707124791437352,0.466808382639107,1
1172,0.809341967017083,0.569920596932024,0
1173,0.910424246876698,0.772295169891927,0
1174,0.68771577658491,0.733314041855426,0
1175,0.107146071785663,0.0652512754617498,0
1176,0.198478510230071,0.420960942944959,0
1177,0.943344757400148,0.134427163812531,0
1178,0.584503523346271,0.637179774528919,1
1179,0.599026424157911,0.0532559720115997,0
1180,0.0918605453762508,0.000572400167850964,0
1181,0.678812865018292,0.771458818005146,0
1182,0.110888374555338,0.999512115958851,0
1183,0.819931753361566,0.932129777470664,0
1184,0.372846691577158,0.188848620834224,0
1185,0.48904228233222,0.4599580711033,1
1186,0.436666241584656,0.964163655864151,0
1187,0.101333493414025,0.0384800299249962,0
1188,0.676994365489573,0.258882162281723,0
1189,0.778928760336213,0.834197104831318,0
1190,0.500227352837207,0.978580827814797,0
1191,0.0993258739352812,0.224491740215799,0
1192,0.823869653429775,0.076366697007961,0
1193,0.0558501654564637,0.435806787310078,0
1194,0.352674980812089,0.0286173727496608,0
1195,0.508275940785313,0.931664061235107,0
1196,0.194996928421313,0.0460956320381237,0
1197,0.677403464297486,0.281353583224748,0
1198,0.364036792593094,0.935665973432207,0
1199,0.355920008083768,0.809829851058233,0
1200,0.749988843570458,0.978294469406034,0
1201,0.399448478314769,0.498867155750686,1
1202,0.244271759523205,0.647188000682363,0
1203,0.628585033877094,0.23431485436592,0
1204,0.319627449530935,0.904864727475152,0
1205,0.457432798322957,0.325621361064548,1
1206,0.858251014192706,0.764829319326593,0
1207,0.553028619174393,0.113279717561453,0
1208,0.90124652623257,0.454321124802493,0
1209,0.947589164575371,0.0345216775473774,0
1210,0.943661950502387,0.384124966051488,0
1211,0.579454796658575,0.344229318827497,1
1212,0.680572680048911,0.557378221097113,1
1213,0.264961142681987,0.390570609546532,0
1214,0.286760191566665,0.819979910189277,0
1215,0.674443237331902,0.741328392057367,0
1216,0.902962154197955,0.969098909277981,0
1217,0.0842082612608598,0.521932883431172,0
1218,0.579132349500029,0.600458718184595,1
1219,0.980219980692593,0.176681652747412,0
1220,0.447781663130867,0.821535311090544,0
1221,0.116179337779144,0.447810253336937,0
1222,0.571184574426703,0.182654579720765,0
1223,0.073413047042402,0.43016760909472,0
1224,0.493067012863731,0.564123746736033,1
1225,0.380107056992178,0.909715667790601,0
1226,0.988076808856836,0.321398330536391,0
1227,0.866167900555845,0.36586387751897,0
1228,0.398839672747459,0.0552191594872713,0
1229,0.818294475701775,0.686893538426093,0
1230,0.382226858000377,0.238014424330562,0
1231,0.947554662799255,0.499647539341658,0
1232,0.23042149014325,0.716104406265591,0
1233,0.422659206866594,0.889152104914725,0
1234,0.680621058065733,0.0310957357432208,0
1235,0.534147368061425,0.300787808047974,1
1236,0.4741011441099,0.770907511827958,0
1237,0.58674001441651,0.122126639411844,0
1238,0.267945628272344,0.131644543321638,0
1239,0.773044744400794,0.497918100328147,0
1240,0.483965174054711,0.834793533587266,0
1241,0.897503596682802,0.722636444830632,0
1242,0.439872853197098,0.764727569541301,0
1243,0.753251583200531,0.581563823661564,0
1244,0.102931008722135,0.718344383741889,0
1245,0.123093210683713,0.523913190012757,0
1246,0.782164242482821,0.293326442266501,0
1247,0.794454794747035,0.209767238800306,0
1248,0.873980648291288,0.616531798437485,0
1249,0.217388763193688,0.855080168161113,0
1250,0.759995372854171,0.184260942127677,0
1251,0.749546551028987,0.46197127712051,0
1252,0.0299763786746079,0.0793192489442039,0
1253,0.435614523680701,0.217169297028877,0
1254,0.734658316119881,0.744041261144002,0
1255,0.0979182492466263,0.267195129425821,0
1256,0.282174415086477,0.320376375373628,0
1257,0.202928364371382,0.54743332441311,0
1258,0.34051082764776,0.224918217968623,0
1259,0.05977468614456,0.465693920601948,0
1260,0.96285282306506,0.84109538320503,0
1261,0.78622109619259,0.962276674323844,0
1262,0.908002525059508,0.0102341780486676,0
1263,0.518623565565154,0.180774701843399,0
1264,0.976452717080923,0.376972775616205,0
1265,0.248145991120555,0.651413829834859,0
1266,0.91425578012795,0.917964576239681,0
1267,0.737922727473975,0.299704231927034,0
1268,0.0852469825582798,0.435532319562292,0
1269,0.692660066156024,0.360553604252894,1
1270,0.3291130458606,0.536082286171653,1
1271,0.846905507541683,0.358889747578134,0
1272,0.620426134495263,0.855898081257892,0
1273,0.24173877492628,0.461787867109192,0
1274,0.0903980778951189,0.247021470333925,0
1275,0.869256411152546,0.649062430322665,0
1276,0.556757112292925,0.75169484259174,0
1277,0.892227345096053,0.918899989649141,0
1278,0.398039845935088,0.787269876705143,0
1279,0.553968752061002,0.0197422006259403,0
1280,0.56069568337905,0.254839821837302,0
1281,0.240716579947954,0.357685540503676,0
1282,0.495895270023446,0.446504419411767,1
1283,0.352939349297872,0.364209838846796,1
1284,0.582453647899653,0.903224132444348,0
1285,0.46218634185483,0.904978508085468,0
1286,0.532258151812599,0.699221081891666,1
1287,0.136580874741348,0.426770536893406,0
1288,0.994189875663347,0.427331348614456,0
1289,0.341850539828581,0.0521044438016156,0
1290,0.768495403122388,0.0568356984559613,0
1291,0.0903766239482801,0.729431246746998,0
1292,0.507716364463659,0.59908356079789,1
1293,0.0946567175419334,0.16256093753621,0
1294,0.0257372311436279,0.819022737824834,0
1295,0.901664385991946,0.297977105853137,0
1296,0.88156356750129,0.672917865530084,0
1297,0.799857920873844,0.074273224023298,0
1298,0.295365706223699,0.489219967038007,1
1299,0.862994477554688,0.173921715083496,0
1300,0.50295873196002,0.877528936079484,0
1301,0.87933421920954,0.187173945450771,0
1302,0.784835128479095,0.964277903067078,0
1303,0.116804278510066,0.85753603040126,0
1304,0.615113967850392,0.465456808202647,1
1305,0.924710113985795,0.970708497320632,0
1306,0.445419336876562,0.501864308259387,1
1307,0.251246797503553,0.503859984923089,1
1308,0.164463197889022,0.511285333200956,0
1309,0.849969176040017,0.896811709225556,0
1310,0.351847701869834,0.190378411761661,0
1311,0.338472607703168,0.763430910074818,0
1312,0.00155974645240221,0.164209236001693,0
1313,0.0234149405841785,0.859340286282515,0
1314,0.899363161017822,0.0623076507180499,0
1315,0.131404830669707,0.504969908625339,0
1316,0.564336871059768,0.167928824745085,0
1317,0.549145711841595,0.890966467042904,0
1318,0.177501479246421,0.903202678497509,0
1319,0.944596118267903,0.543438461396582,0
1320,0.482279282287825,0.237120687140674,0
1321,0.547446969685819,0.560280422940981,1
1322,0.89431262383904,0.930955888671314,0
1323,0.852557768976576,0.379699259241903,0
1324,0.421671068026531,0.295997935950755,1
1325,0.909810026134276,0.784080373022743,0
1326,0.639250790997991,0.966182768329132,0
1327,0.822074013213661,0.312580320198359,0
1328,0.539056328376316,0.115903309134721,0
1329,0.185614198998368,0.620625892477402,0
1330,0.940862962482899,0.257463992227551,0
1331,0.958172869383438,0.552806317132342,0
1332,0.33405197753294,0.419740205360456,1
1333,0.406371626260863,0.277490512131476,1
1334,0.952718596417791,0.360280330460649,0
1335,0.326358505676667,0.261260519391513,0
1336,0.566689214933053,0.306530714643435,1
1337,0.414532426937731,0.11472701472916,0
1338,0.642931442075843,0.778192184762187,0
1339,0.869118286235779,0.0706038577810879,0
1340,0.311651467025118,0.643715681342276,1
1341,0.437669218255984,0.603365225067067,1
1342,0.152497624583774,0.347324457646964,0
1343,0.865719117627348,0.598154102730637,0
1344,0.345854811531424,0.236565391643236,0
1345,0.351910138666588,0.0615981701117,0
1346,0.717588479499141,0.323970225790502,0
1347,0.602575498913683,0.224815290060274,0
1348,0.278947817757236,0.994640652553477,0
1349,0.226228445408041,0.474572418478584,0
1350,0.524584262410451,0.5750672568451,1
1351,0.426980662824111,0.0613907375658819,0
1352,0.969639430274088,0.648549506742763,0
1353,0.21739115808969,0.332720076354556,0
1354,0.551650341391401,0.707346998484501,1
1355,0.669648878122516,0.760864143614128,0
1356,0.246785022898943,0.115010341217281,0
1357,0.308974425452284,0.297147281140623,0
1358,0.819794773971566,0.354807644316371,0
1359,0.400308692548568,0.986727519885976,0
1360,0.554021087733107,0.808217523530227,0
1361,0.931635700600052,0.716153204774555,0
1362,0.00837019179406119,0.264760335564967,0
1363,0.543672039892372,0.242718989142552,0
1364,0.703955215729752,0.189717136877457,0
1365,0.835779196971925,0.648290789522366,0
1366,0.551963739354147,0.394545867757195,1
1367,0.546019595370637,0.736584210180018,1
1368,0.216735018518164,0.376278480690102,0
1369,0.633725794792979,0.503948117841011,1
1370,0.129933299557275,0.532999041272793,0
1371,0.0465037613392359,0.638507813046923,0
1372,0.56691651352072,0.59104599505246,1
1373,0.814813147212757,0.60257813828186,0
1374,0.0149958003382179,0.30542821777306,0
1375,0.405020516088708,0.924140173440864,0
1376,0.594331960004909,0.239500925522065,0
1377,0.920551330745477,0.716366738880224,0
1378,0.643431556245047,0.710827458049556,0
1379,0.0530205457718207,0.70487909470912,0
1380,0.104877466850391,0.974672168947138,0
1381,0.628764860624804,0.361933204513943,1
1382,0.871567801512577,0.0213580886001504,0
1383,0.208900404259982,0.852239155141748,0
1384,0.568990745846643,0.572390215272266,1
1385,0.080412262622459,0.443516293281464,0
1386,0.721081849523392,0.896360574707557,0
1387,0.856794220328701,0.0210220464603147,0
1388,0.761713762190991,0.293127887553129,0
1389,0.149236691253836,0.417324196741602,0
1390,0.44994718835221,0.941093901610511,0
1391,0.227723188804334,0.398526997956693,0
1392,0.78469662078875,0.91163902353106,0
1393,0.0539588295174571,0.312462813832081,0
1394,0.473994537011718,0.829652856490413,0
1395,0.0931526539349708,0.505907560468608,0
1396,0.323257934918282,0.928846700083859,0
1397,0.39907065099062,0.155261130610137,0
1398,0.904234180647989,0.684570556825293,0
1399,0.766940011534346,0.545558424920569,0
1400,0.382145590792478,0.962573992071009,0
1401,0.033587392435217,0.442605585065952,0
1402,0.2250159551506,0.961504222807244,0
1403,0.203058323917472,0.697971385297352,0
1404,0.382706705193364,0.899529284285162,0
1405,0.954652976689233,0.350303668691918,0
1406,0.56159076679572,0.635696349030219,1
1407,0.25493190635691,0.16378356523988,0
1408,0.746948980142804,0.230237862668111,0
1409,0.577236583725194,0.959928777981516,0
1410,0.967399259082693,0.896437590427901,0
1411,0.37824461813003,0.73933788935623,0
1412,0.479237561337295,0.574504702153851,1
1413,0.120258358363182,0.792235149439534,0
1414,0.497289923716937,0.701533089718564,1
1415,0.116787865812326,0.0771432053656984,0
1416,0.526187876018783,0.603678266333266,1
1417,0.0351786059491237,0.487373196281201,0
1418,0.907506509175294,0.785117603738381,0
1419,0.173511042806092,0.823192397981506,0
1420,0.708580699613588,0.355987444220105,0
1421,0.929756108638717,0.574465252726555,0
1422,0.87499987980118,0.742848985243053,0
1423,0.944316793672888,0.687561585888062,0
1424,0.673914793726949,0.23528708575074,0
1425,0.408312150467333,0.673996317979878,1
1426,0.107333973100099,0.80701123355283,0
1427,0.578159165837876,0.485708000364577,1
1428,0.584329373940979,0.294249503078987,1
1429,0.963368023728657,0.65051125299675,0
1430,0.841245864444061,0.410823174477938,0
1431,0.200681461580415,0.6811736154748,0
1432,0.782741418472836,0.877509771323535,0
1433,0.824115792673135,0.957912500462454,0
1434,0.600517743081096,0.767558710075709,0
1435,0.256277056064586,0.961831376404423,0
1436,0.0567268198620187,0.754044185743688,0
1437,0.251348078367928,0.611411814862588,0
1438,0.966681481789184,0.803779365403475,0
1439,0.86433800955505,0.736388576094242,0
1440,0.630187908480963,0.43269677247512,1
1441,0.118320355712585,0.262002837966198,0
1442,0.293220939251231,0.442791547832448,1
1443,0.9698092322656,0.719176642465953,0
1444,0.0255191004953902,0.549470605584546,0
1445,0.903043822340222,0.613257006096308,0
1446,0.821749580009724,0.522999789809342,0
1447,0.981946533537445,0.29775752513565,0
1448,0.15530598263969,0.248582493163917,0
1449,0.791723834253719,0.997490108477646,0
1450,0.918733192569918,0.986404293210434,0
1451,0.0870438428069669,0.906356083651239,0
1452,0.979010029686154,0.44648077406291,0
1453,0.617269498117859,0.353289787356411,1
1454,0.555663155184902,0.966747350975288,0
1455,0.519026518575394,0.780550008537504,0
1456,0.429911493523936,0.226979447634415,0
1457,0.0203233445157871,0.408549091968941,0
1458,0.292502818765353,0.938678623614218,0
1459,0.387952676223569,0.339949870640389,1
1460,0.907700539057935,0.104939150207182,0
1461,0.932393399967064,0.0510471374965492,0
1462,0.864514887735487,0.643020049968278,0
1463,0.140081796394699,0.533727030052676,0
1464,0.772097652206243,0.953590553232278,0
1465,0.456105832222898,0.718098988625267,1
1466,0.0120555311497559,0.866847901077405,0
1467,0.817655383524324,0.643783615270529,0
1468,0.345652929668153,0.211964272061346,0
1469,0.282992808280044,0.846740165188322,0
1470,0.825522049714589,0.616519444909189,0
1471,0.163513487281051,0.0587717495201024,0
1472,0.0304440870091524,0.122493813802718,0
1473,0.183345512572371,0.594770132375308,0
1474,0.502676445293555,0.573397441568504,1
1475,0.00525470637029722,0.216627359025472,0
1476,0.860629816940348,0.45177396361333,0
1477,0.0897895694197107,0.813794042362736,0
1478,0.0540108932433701,0.0359967053104177,0
1479,0.0418411959157517,0.335989979717876,0
1480,0.30639897766821,0.0835424680651829,0
1481,0.581192135150168,0.602072601952624,1
1482,0.510641518752389,0.800927529950127,0
1483,0.768494477387748,0.563063592446532,0
1484,0.409324064110091,0.376539729245258,1
1485,0.0628961623007879,0.0805385467040066,0
1486,0.655685815334174,0.541212511035247,1
1487,0.5144278209258,0.291181094148746,1
1488,0.941425662926131,0.873621650446962,0
1489,0.0206030504873968,0.742021073932769,0
1490,0.459674537395907,0.545311664019391,1
1491,0.0310505847591211,0.198700210637739,0
1492,0.948335846861981,0.239478473197426,0
1493,0.857469171684919,0.560281567536426,0
1494,0.777058331657694,0.00386134116158883,0
1495,0.589772722027159,0.309656224357735,1
1496,0.170123076145595,0.947002828562168,0
1497,0.540341187520112,0.741979581649406,1
1498,0.0353273097590205,0.561440885328427,0
1499,0.548130230767713,0.229516557059026,0
1500,0.35399933641497,0.620281920125839,1
1501,0.185446068265217,0.126136716048297,0
1502,0.510501279267716,0.924716159666291,0
1503,0.560941543691299,0.319417305905101,1
1504,0.93734614268753,0.798608475270964,0
1505,0.872368379436605,0.180389242796409,0
1506,0.0153936548230209,0.299820121982982,0
1507,0.876315442321969,0.76108731364882,0
1508,0.0524918833060618,0.382491924512429,0
1509,0.653736755090643,0.271163045554963,0
1510,0.943458358265207,0.208212909851322,0
1511,0.786005260788838,0.405462722948502,0
1512,0.7867670072181,0.753239937943052,0
1513,0.910415470558412,0.708682986772006,0
1514,0.00087132351513548,0.772448239276394,0
1515,0.255853784389726,0.379984777597703,0
1516,0.325491419679248,0.791086493428371,0
1517,0.388021737517799,0.839392617270068,0
1518,0.359865595754173,0.904913868710824,0
1519,0.688198931370023,0.0236196871956902,0
1520,0.678536929506127,0.538051865779819,1
1521,0.622935424848895,0.978449856386729,0
1522,0.131492961724984,0.40938347923075,0
1523,0.294262569534715,0.870302954162612,0
1524,0.0706873862401989,0.779253873871292,0
1525,0.689487698343344,0.652835385246591,1
1526,0.907704130237784,0.27696718521275,0
1527,0.286058198793818,0.145786426563648,0
1528,0.834276659337001,0.779983345316715,0
1529,0.339369708830197,0.757261341324663,0
1530,0.0143006891078785,0.852258556919293,0
1531,0.318545982389965,0.164897903411136,0
1532,0.542754690881239,0.492383601838901,1
1533,0.85489782311716,0.22430716139465,0
1534,0.911798384465183,0.0369228250519013,0
1535,0.401221717894646,0.147578014595238,0
1536,0.694292993142406,0.630117067894953,1
1537,0.592626116048836,0.405406492485388,1
1538,0.585277485002427,0.807555404402109,0
1539,0.273969761223518,0.37738352798735,0
1540,0.458977368408338,0.0401125163958001,0
1541,0.637995600531807,0.221617449643844,0
1542,0.0829605409330505,0.603018399143134,0
1543,0.472280647359919,0.0485242344664988,0
1544,0.505028294634553,0.242235310954151,0
1545,0.00511595793306639,0.579882250437458,0
1546,0.565544159880627,0.93093759004536,0
1547,0.00931899808781175,0.826278372586834,0
1548,0.219505883389854,0.458037521437759,0
1549,0.435695165505491,0.639109359886083,1
1550,0.55448565611359,0.0699554081400649,0
1551,0.958504569697429,0.0337645611882976,0
1552,0.378032155976646,0.541909683748106,1
1553,0.958542392104185,0.277587062342831,0
1554,0.684341069163913,0.88065170630843,0
1555,0.560508941561221,0.0267212549348926,0
1556,0.506013584093197,0.961986180842848,0
1557,0.298283972916326,0.974188172712078,0
1558,0.214262956387486,0.0969285327461215,0
1559,0.0819373624780855,0.939736291738104,0
1560,0.0201029544789824,0.806373588650661,0
1561,0.719278866760097,0.669563073511032,0
1562,0.0318068671188349,0.821339467457188,0
1563,0.582033854714611,0.763355403097046,0
1564,0.620798069807141,0.766347743462002,0
1565,0.185900609095535,0.127239963564668,0
1566,0.371860238896618,0.634860401337436,1
1567,0.82289787187376,0.389021960268273,0
1568,0.0816079466983713,0.604231039343509,0
1569,0.843585293667198,0.541050857184944,0
1570,0.644476007038949,0.194693585017088,0
1571,0.364183165302585,0.624376588326123,1
1572,0.681726369392931,0.978394702998174,0
1573,0.0738686663442611,0.603557979037779,0
1574,0.632653617129034,0.0351308253757334,0
1575,0.612015416199349,0.122577350643732,0
1576,0.376100158959674,0.495958873767387,1
1577,0.6190064054071,0.748112067462929,0
1578,0.350676541379968,0.288941496186397,0
1579,0.00195769406946269,0.556692688519458,0
1580,0.959875829033496,0.195186989007139,0
1581,0.65678899253569,0.917993325701912,0
1582,0.694751097212895,0.433268977996553,1
1583,0.654861016038275,0.871153182755761,0
1584,0.139088308969088,0.909262012648053,0
1585,0.892580226013707,0.610031917043976,0
1586,0.253343239078924,0.540886505293141,0
1587,0.295260284699155,0.825409369461895,0
1588,0.442190423348076,0.094902278433974,0
1589,0.987836704118101,0.0534121641206612,0
1590,0.747470801112927,0.978475875676831,0
1591,0.130701785968012,0.585667244431408,0
1592,0.154332327262653,0.0633232584518023,0
1593,0.751139804604994,0.875901365129231,0
1594,0.0158539959303355,0.074785804410831,0
1595,0.038345418888305,0.792666450511974,0
1596,0.602273345274047,0.28689260514774,1
1597,0.581175028151448,0.44928901803181,1
1598,0.537904592481397,0.446189839600674,1
1599,0.929625491113228,0.248457391396378,0
1600,0.323533686959899,0.2027154835885,0
1601,0.464469670068691,0.723391604480982,1
1602,0.142550599362026,0.00198349915537215,0
1603,0.869234111564809,0.835213653666532,0
1604,0.200698589068231,0.793597035945205,0
1605,0.305921644114853,0.255774262945994,0
1606,0.301104792068296,0.948545529948801,0
1607,0.809221887406531,0.981399953356665,0
1608,0.064485203039127,0.0711217481042825,0
1609,0.763660998439258,0.631427838761093,0
1610,0.682129173391559,0.778959650909044,0
1611,0.855299186825426,0.0643025045582571,0
1612,0.870916593759748,0.0999137755017326,0
1613,0.00775857176992976,0.966450633931184,0
1614,0.959711477141693,0.845971266667345,0
1615,0.287504776980497,0.996000583747402,0
1616,0.165276787320746,0.739379312721723,0
1617,0.729878477160762,0.544755317524427,1
1618,0.51400620560814,0.40731018148703,1
1619,0.443116645069382,0.152348828107281,0
1620,0.194089146886994,0.915926150938462,0
1621,0.675202776061,0.22225695998513,0
1622,0.768864160295978,0.782571155942311,0
1623,0.491561658443679,0.653727815325245,1
1624,0.477670717741209,0.599775074794784,1
1625,0.384803814992683,0.466782844377115,1
1626,0.682528841161415,0.298197652352135,0
1627,0.566328218004819,0.544574036050855,1
1628,0.347416296763074,0.400167165510434,1
1629,0.852475010721234,0.0426368238602936,0
1630,0.994224927385442,0.902783477633625,0
1631,0.875502176524839,0.354727322400886,0
1632,0.506092258964708,0.309921060367451,1
1633,0.0904974756252474,0.561725479346572,0
1634,0.218667052788039,0.264466569882103,0
1635,0.467393747748525,0.657175021552097,1
1636,0.628005103034901,0.611312170331977,1
1637,0.437338691874099,0.766203022453097,0
1638,0.103756874848044,0.633042226840296,0
1639,0.295438344262279,0.0883454378174364,0
1640,0.608352117058054,0.354030756444685,1
1641,0.488779916189974,0.359936402346909,1
1642,0.461167451674662,0.820721932603382,0
1643,0.313471742585987,0.867079134968612,0
1644,0.173051094716904,0.185304441109907,0
1645,0.197339020761353,0.113839040097706,0
1646,0.554835170765796,0.400479821209088,1
1647,0.158123900721839,0.291305669253369,0
1648,0.0404239744136222,0.320475453660113,0
1649,0.716164701020422,0.458943099928528,1
1650,0.692073680317064,0.929836179097107,0
1651,0.435060762537206,0.213204147859106,0
1652,0.132381327046259,0.727628793440586,0
1653,0.838777741342214,0.071216670829438,0
1654,0.860858960478035,0.800125195551722,0
1655,0.440817161202811,0.714374069922778,1
1656,0.104728821248155,0.764129572903798,0
1657,0.43428470680224,0.640194170940758,1
1658,0.414003561443651,0.51556577417793,1
1659,0.893559870726224,0.685370326361326,0
1660,0.996449317781464,0.223418340656636,0
1661,0.388674384629668,0.0333626116781321,0
1662,0.0671275491207501,0.353554707650819,0
1663,0.1023398507863,0.227525281825813,0
1664,0.453188269610139,0.146033022620731,0
1665,0.725779048039475,0.78328142118793,0
1666,0.916877525819874,0.836495244333751,0
1667,0.396271757500373,0.678515937960947,1
1668,0.918969993907479,0.275575768330868,0
1669,0.22755507530065,0.733538658234076,0
1670,0.981944191261169,0.242255071756549,0
1671,0.00622017449057669,0.372925899165182,0
1672,0.744487279907096,0.482964950838576,1
1673,0.0091102188495501,0.790705597861999,0
1674,0.966195114406848,0.517929729781081,0
1675,0.877302107809718,0.524858200235692,0
1676,0.426915582933889,0.0307943746590961,0
1677,0.462493782147064,0.468655339660428,1
1678,0.541161794467439,0.401698150859074,1
1679,0.146076598738356,0.77882661939544,0
1680,0.625288942654286,0.611252459516401,1
1681,0.618028401219299,0.714825937857305,1
1682,0.0743461475122469,0.657535740014881,0
1683,0.797496544102904,0.268233576914404,0
1684,0.367857815403425,0.755768768841293,0
1685,0.721224177033279,0.138427793112783,0
1686,0.28801069887728,0.160021212492148,0
1687,0.703426135100157,0.754194246024915,0
1688,0.217198166166059,0.0157484854644856,0
1689,0.288875331771036,0.584162598282175,1
1690,0.344444488801269,0.311634252924302,1
1691,0.261330167418965,0.935258539829058,0
1692,0.268730914811013,0.200920847803783,0
1693,0.356365838254041,0.886083151160778,0
1694,0.374001462186687,0.927616417839945,0
1695,0.137354143493508,0.517271843048405,0
1696,0.129499169592512,0.44872845590521,0
1697,0.10824971557979,0.370691731744768,0
1698,0.624226670537249,0.291394236633272,1
1699,0.298579751652935,0.0869515398922151,0
1700,0.685468406735672,0.740876641935146,0
1701,0.422847782458573,0.210426345565555,0
1702,0.796705552747802,0.738874314696935,0
1703,0.236847501358412,0.266894370441741,0
1704,0.327368239558939,0.708299536122149,0
1705,0.251457173494369,0.525413309002953,1
1706,0.112822819088038,0.561914000456181,0
1707,0.434382130594171,0.313654689729984,1
1708,0.349922292097435,0.682769861390241,1
1709,0.446095023046292,0.873425299708464,0
1710,0.30116990176084,0.911413392942126,0
1711,0.894232114727717,0.440241397563481,0
1712,0.618414625347785,0.203952333984874,0
1713,0.00892862352027028,0.83928224297207,0
1714,0.0517714969123581,0.332734403355389,0
1715,0.129967575487666,0.925803929532787,0
1716,0.71716873381155,0.201923791878821,0
1717,0.898694191546503,0.603567846866123,0
1718,0.888786470465728,0.0509038218534104,0
1719,0.138552987081256,0.529856600114078,0
1720,0.964073346445371,0.0894714678122995,0
1721,0.558714911601839,0.665701926064539,1
1722,0.676159244345575,0.611940834490555,1
1723,0.404449023960367,0.567585169136331,1
1724,0.0143463253110397,0.794595025849806,0
1725,0.0207694396473325,0.941456809147008,0
1726,0.84529921358698,0.425154451944472,0
1727,0.785781638131375,0.774055013793546,0
1728,0.846644527207429,0.982606384895093,0
1729,0.59201172021777,0.592753218762927,1
1730,0.729945691176665,0.397565258386342,0
1731,0.215122873529383,0.99463383620355,0
1732,0.578331960634483,0.325653243961583,1
1733,0.808244575191403,0.910899027209216,0
1734,0.663219808909679,0.830814283728047,0
1735,0.424868219264256,0.299018470244025,1
1736,0.544216874308985,0.916238422932214,0
1737,0.909351953263093,0.21169843394854,0
1738,0.352698481340287,0.228530188663178,0
1739,0.764082153217905,0.00647379085723022,0
1740,0.799503310024507,0.441343454383939,0
1741,0.82493591766103,0.257176471062552,0
1742,0.311964963708057,0.188510766340657,0
1743,0.0805047159458067,0.292014281867079,0
1744,0.416142153747446,0.124639177752956,0
1745,0.756923319658695,0.906180085570635,0
1746,0.458892101635641,0.545799768318329,1
1747,0.799910908937413,0.566508088059029,0
1748,0.874348594282916,0.564081075398289,0
1749,0.0873699654300557,0.350506000383993,0
1750,0.803696259299152,0.493549996751151,0
1751,0.904365360226652,0.183532041582992,0
1752,0.36972680658555,0.721750969403307,0
1753,0.397239934838023,0.929060790654766,0
1754,0.515802498681379,0.574083204182835,1
1755,0.42135653245326,0.618114338544251,1
1756,0.218524231677188,0.58553792936054,0
1757,0.79324990873842,0.288602236792726,0
1758,0.572629340725313,0.957946402466831,0
1759,0.682668872495493,0.389821194293826,1
1760,0.245148528015776,0.516230293324324,0
1761,0.49475687346177,0.538580631156722,1
1762,0.0738909640693529,0.518688133693621,0
1763,0.840126368608385,0.998417105990656,0
1764,0.116327513994802,0.342843865204064,0
1765,0.337349839665624,0.788617405941997,0
1766,0.141160223233122,0.413576152833913,0
1767,0.202777531558078,0.305953313273356,0
1768,0.536978094157287,0.641403876078038,1
1769,0.887449664477003,0.590213994304749,0
1770,0.791270831502634,0.151443925291041,0
1771,0.7762117831857,0.842058949564611,0
1772,0.703282645299697,0.138808981114444,0
1773,0.687655853893448,0.873354172275101,0
1774,0.752549859579909,0.511308672144687,0
1775,0.993878747333716,0.916402191816085,0
1776,0.881412202902796,0.69754877113623,0
1777,0.105357472368217,0.287465965974827,0
1778,0.998793123289381,0.36578472906993,0
1779,0.109641077513639,0.851038672891929,0
1780,0.881624600794923,0.398822828847367,0
1781,0.812733276659964,0.172958633477315,0
1782,0.236733364517211,0.632739126511262,0
1783,0.476954115311128,0.804948078843275,0
1784,0.382760397802461,0.487296595465064,1
1785,0.751624142635439,0.931225464647275,0
1786,0.0704967379898283,0.0924548781907441,0
1787,0.598550362791191,0.093704602724735,0
1788,0.740018510138625,0.652697923897159,0
1789,0.835297985857026,0.935081982954909,0
1790,0.831032279800173,0.966772196333284,0
1791,0.245867246410748,0.605018841850114,0
1792,0.348965117870348,0.420947647849539,1
1793,0.907205203039201,0.443611452096892,0
1794,0.308218680465696,0.915311565583251,0
1795,0.307160189983975,0.171193365087357,0
1796,0.531762798564398,0.0364109915850735,0
1797,0.708589393509826,0.392448002655268,1
1798,0.338710648631077,0.603253149708385,1
1799,0.6053255850474,0.0705435187884343,0
1800,0.661854865803316,0.882707775050173,0
1801,0.49059377447264,0.265253264114844,1
1802,0.759684529509248,0.0626532826864409,0
1803,0.845905453826257,0.788957324712052,0
1804,0.0989984083450392,0.0116528696434819,0
1805,0.547447455836203,0.346095199392222,1
1806,0.530486743212904,0.17455909455873,0
1807,0.0200063930917561,0.914852404461639,0
1808,0.152955582436619,0.20771443480985,0
1809,0.823993515606967,0.815785716667672,0
1810,0.725533923472061,0.0333426632142359,0
1811,0.496729398377579,0.46744883221921,1
1812,0.180136405481089,0.580430777548082,0
1813,0.399462666082877,0.0340857464047548,0
1814,0.383865484680918,0.206102360135923,0
1815,0.754993954093658,0.136765360430239,0
1816,0.0473723388497589,0.764754467068591,0
1817,0.273227117151593,0.948324504750001,0
1818,0.476178421860644,0.980613982295903,0
1819,0.845334312340866,0.286311835183907,0
1820,0.575042194023282,0.11824787832715,0
1821,0.344613043751853,0.296565810822214,0
1822,0.367864109747049,0.961064990591754,0
1823,0.640706621874453,0.357203704005668,1
1824,0.0164045984933174,0.793736989048187,0
1825,0.239492420218649,0.130996213821227,0
1826,0.779259634101419,0.789539868379729,0
1827,0.345009595316374,0.62851220258908,1
1828,0.385978376672593,0.0231449422534299,0
1829,0.0851168586337552,0.179253751961167,0
1830,0.663190616603564,0.811819707421502,0
1831,0.405091840031134,0.892896048209116,0
1832,0.256658915549824,0.410682095405963,0
1833,0.298722860542463,0.765732276144313,0
1834,0.901331977407137,0.0716818883417556,0
1835,0.438673982600995,0.172341600140716,0
1836,0.362380122468984,0.537681680423059,1
1837,0.240743522644389,0.607286045144911,0
1838,0.688729619462383,0.200163587555365,0
1839,0.0995847224721614,0.219071414889335,0
1840,0.939724155673629,0.0422589620772092,0
1841,0.0176811479114374,0.590128495632731,0
1842,0.966609939917275,0.623997740272431,0
1843,0.357505726328821,0.25783247047003,0
1844,0.419744871752218,0.644714914562514,1
1845,0.562346128077407,0.453033479607214,1
1846,0.895497123662148,0.666080560379699,0
1847,0.623121218580343,0.76322248660178,0
1848,0.713156038296016,0.451716995542737,1
1849,0.0399068952723904,0.957182014341085,0
1850,0.662342130049291,0.87497434573014,0
1851,0.455871726598531,0.944722710151562,0
1852,0.355063006447192,0.0671508200779328,0
1853,0.768616091352243,0.241577953678359,0
1854,0.54879634573534,0.737723550171463,1
1855,0.939782583126697,0.185814789117228,0
1856,0.923560219781268,0.86604544374442,0
1857,0.239529596287538,0.620931654526355,0
1858,0.794138559510065,0.814963344398403,0
1859,0.926286108291841,0.632661175277392,0
1860,0.0531763690771425,0.0408903900724325,0
1861,0.345987404392095,0.256617062844623,0
1862,0.509335760264348,0.985640502993781,0
1863,0.276844476478568,0.696299562089285,0
1864,0.914560461842716,0.477521036042609,0
1865,0.894130006848895,0.237012623919646,0
1866,0.160256692282975,0.142402708131076,0
1867,0.556729284840044,0.0647498099434887,0
1868,0.586387235478678,0.0729584377598755,0
1869,0.235065489185539,0.899459119839342,0
1870,0.855381648920189,0.115927772650462,0
1871,0.70903612473469,0.682021321580755,0
1872,0.704932331435816,0.37653133896018,1
1873,0.529473259825946,0.0294516799177284,0
1874,0.426550964092161,0.00218956405398881,0
1875,0.969083927091716,0.898192693897613,0
1876,0.525430887250896,0.407245719994998,1
1877,0.904005645263943,0.621451739976859,0
1878,0.528986941338045,0.199254663753908,0
1879,0.435386949887214,0.36942250345341,1
1880,0.790306343599365,0.0723165292629583,0
1881,0.327017491835643,0.0712753096927308,0
1882,0.843593543322568,0.702769959207051,0
1883,0.0255580968342526,0.781157511650192,0
1884,0.309316158904376,0.174779786344049,0
1885,0.0345444190476762,0.721180121750189,0
1886,0.579897855212864,0.0268269884524993,0
1887,0.777279526357204,0.937248596426681,0
1888,0.331854265337742,0.66396608281134,1
1889,0.551684731408807,0.132804421304168,0
1890,0.456167243167836,0.247392796560839,0
1891,0.269748597997124,0.912370897788727,0
1892,0.508437108950893,0.995937312951282,0
1893,0.71158173666875,0.753010972287977,0
1894,0.238397062867133,0.935277544863186,0
1895,0.535762868605444,0.387132571724771,1
1896,0.637571487872662,0.865642985732128,0
1897,0.109152776239977,0.78306511965723,0
1898,0.788910280814818,0.63776081504196,0
1899,0.838427778258188,0.0021623722287651,0
1900,0.350973242125927,0.748315748175753,0
1901,0.720135521013353,0.251771177748112,0
1902,0.967645145006313,0.247903805341527,0
1903,0.318294838684748,0.498603898798397,1
1904,0.629966193637795,0.966757048837262,0
1905,0.289597474639117,0.865020858526705,0
1906,0.647569932345101,0.302582528583045,1
1907,0.913255260285575,0.542913547038526,0
1908,0.802567931265835,0.414646594046916,0
1909,0.562838200741838,0.847656230371285,0
1910,0.991188222538302,0.272547124546276,0
1911,0.542760448783059,0.37403861404119,1
1912,0.639016917738606,0.647411847322905,1
1913,0.0836086338775273,0.714254869480736,0
1914,0.917674212212523,0.994214406699973,0
1915,0.148338315611863,0.694093450295782,0
1916,0.825538304553152,0.549522359180042,0
1917,0.781831179178241,0.707851494992083,0
1918,0.527257275547486,0.017977420249012,0
1919,0.944725752782415,0.260533303609366,0
1920,0.677642474266534,0.212977837870353,0
1921,0.123044778650182,0.271640014029872,0
1922,0.645680070224069,0.670742010078738,1
1923,0.73956263937967,0.334988959289616,0
1924,0.952387725446554,0.566239229201451,0
1925,0.980497188391395,0.374263686767902,0
1926,0.0749226143001218,0.990771547886902,0
1927,0.0109741496904633,0.0784261175796511,0
1928,0.205555299392694,0.346096906972163,0
1929,0.612754260009506,0.320233297683407,1
1930,0.164295171464,0.604039969204012,0
1931,0.580929686585874,0.635751786937822,1
1932,0.818418733225399,0.595504024343334,0
1933,0.039482553973553,0.0980475731650589,0
1934,0.520751349404804,0.205403765293492,0
1935,0.0156562714910397,0.784590511016823,0
1936,0.469920841264502,0.302304897132472,1
1937,0.170013756104751,0.778210384667949,0
1938,0.149502345896094,0.271120434753187,0
1939,0.728358543817121,0.968274907659867,0
1940,0.907849207943235,0.748619674587911,0
1941,0.761867144034182,0.351434983011072,0
1942,0.0137172183085779,0.774074628843961,0
1943,0.619170835995661,0.83476675666625,0
1944,0.538548209489578,0.70340506159859,1
1945,0.502296195599388,0.181160368575324,0
1946,0.405223160239506,0.624492455099007,1
1947,0.0962381321453667,0.0736025050625217,0
1948,0.632048151284479,0.48729299171236,1
1949,0.453221280804473,0.0501760458807349,0
1950,0.631259456105185,0.641515066214611,1
1951,0.814237609884812,0.746983960153062,0
1952,0.550582957710411,0.195906677374573,0
1953,0.9043428455034,0.77261771716765,0
1954,0.820757791782151,0.232763765022514,0
1955,0.928923771683557,0.934434864639507,0
1956,0.617738363155042,0.644479352349639,1
1957,0.412384089740172,0.415675496876089,1
1958,0.84217282516983,0.229494703574802,0
1959,0.622034568629244,0.0443441043814384,0
1960,0.976333188347674,0.204715797307303,0
1961,0.55949936367548,0.817346287806214,0
1962,0.703107569694103,0.834495902915716,0
1963,0.379367350777317,0.845428386165494,0
1964,0.206066764987105,0.0964112510422297,0
1965,0.14616223338347,0.662209354183734,0
1966,0.817899153948715,0.678182497936386,0
1967,0.337015451554682,0.266334141728624,0
1968,0.934382064703098,0.0148831838811204,0
1969,0.800852025300661,0.817810540934005,0
1970,0.86973178334056,0.84655311882801,0
1971,0.0140089648840991,0.305784444467064,0
1972,0.774481289915033,0.567861330959881,0
1973,0.563422005420282,0.760743807889868,0
1974,0.212108365358835,0.680562635269278,0
1975,0.231429679892692,0.402553447709677,0
1976,0.865258423083117,0.408877176423034,0
1977,0.0738428575330613,0.426543658797882,0
1978,0.0820157025391309,0.996891322078598,0
1979,0.0438763904589584,0.716087054794695,0
1980,0.816539326597256,0.0589144593379062,0
1981,0.566550952180545,0.724346540739921,1
1982,0.086601531639044,0.266714417499823,0
1983,0.116535710690793,0.939555865218656,0
1984,0.307463900794957,0.146049948011548,0
1985,0.48129343217299,0.82728964128871,0
1986,0.428642678274141,0.804224027695239,0
1987,0.174612321040878,0.129780069519663,0
1988,0.190706832423204,0.253714919208416,0
1989,0.0428649978911807,0.135246238734222,0
1990,0.271073897495435,0.618623542887449,0
1991,0.633320020806659,0.525504129717827,1
1992,0.864981571149538,0.743608785673794,0
1993,0.796950931100618,0.40902197752568,0
1994,0.604339640403325,0.910471792756799,0
1995,0.184318439189493,0.9374907426245,0
1996,0.971006793422162,0.0847649705059663,0
1997,0.0012712143367488,0.810817324002654,0
1998,0.280002166647465,0.289662424144178,0
1999,0.21918291282802,0.507766872415211,0
