experiment,group,metric,n,mean,sd,median,min,max,ci95_lo,ci95_hi
Exp01_CircleBoundary,all,test_acc,30,0.9356512141280352,0.02737010631074142,0.927152317880795,0.887417218543046,0.996688741721854,0.9254310484678827,0.9458713797881877
Exp01_CircleBoundary,all,baseline_acc_no_quad,30,0.8201986754966887,0.04973467514701446,0.804635761589404,0.771523178807947,0.970198675496689,0.8016274425871229,0.8387699084062544
Exp01_CircleBoundary,all,R_hat,27,0.20616330301910837,0.014134021404970882,0.202308998487433,0.197424279670531,0.25498022289471,0.20057207036831698,0.21175453566989977
Exp01_CircleBoundary,all,R_err,27,0.17744478738612224,0.04927174527831547,0.190764006050267,0.00840210116566542,0.210302881317875,0.15795353411373753,0.19693604065850695
Exp01_CircleBoundary,all,rel_ab,30,0.007443895378494555,0.020937455714204346,0.0,0.0,0.0835377865534011,-0.00037427907329029304,0.015262069830279404
Exp01_CircleBoundary,all,fidelity_max,30,0.0,0.0,0.0,0.0,0.0,0.0,0.0
Exp02_PiArea,all,k_canonical,30,3.141646694083705,1.781968788334779e-05,3.141648154497285,3.14158854498335,3.14169930171829,3.141640040102894,3.1416533480645157
Exp02_PiArea,all,pi_error,30,1.728881080341562e-05,5.3909957112112635e-06,1.766648754576625e-05,1.30781004785246e-06,3.39471536440997e-05,1.5275779921612738e-05,1.93018416852185e-05
Exp02_PiArea,all,test_rmse,30,20.62206939038689,1.7336613468975313,20.63352720937765,18.229618865459,24.6263039978054,19.974709604395038,21.269429176378743
Exp02_PiArea,all,val_loss,30,3.35547152660097e-09,5.261447106349482e-10,3.40963944606497e-09,2.24770505873095e-09,4.69329140235132e-09,3.1590058628270655e-09,3.5519371903748743e-09
Exp02_PiArea,all,b,30,9.7322160307769,2.602633736805327,9.73608614327009,3.29565791028913,20.094836817322,8.760376621720125,10.704055439833676
Exp02_PiArea,all,fidelity_max,30,3.597122599785507e-15,2.7656012941350183e-15,3.5527136788005e-15,4.44089209850063e-16,1.50990331349021e-14,2.5644301047293483e-15,4.6298150948416654e-15
Exp02_PiArea,all,pruned_neurons,30,3.0,0.0,3.0,3.0,3.0,3.0,3.0
Exp02_PiArea,all,pruned_edges,30,2.0,0.0,2.0,2.0,2.0,2.0,2.0
Exp03_Circumference,improved,k_canonical,30,6.624562417219606,0.003583049009385345,6.62583324460521,6.61715192755834,6.63081176021307,6.623224484731196,6.625900349708015
Exp03_Circumference,improved,two_pi_error,30,0.05433185452129465,0.0005702599611841432,0.0545341129815303,0.0531524384609737,0.0553264683497807,0.05411891595224106,0.054544793090348244
Exp03_Circumference,improved,test_rmse,30,4.3289814433186296,7.717939039818261,0.9246193407089536,0.611608189928474,21.297638202019,1.4470556427255734,7.210907243911686
Exp03_Circumference,improved,val_loss,30,0.00015720703208982272,0.00035302611343949233,1.89328620763487e-06,8.10575678950675e-07,0.000934817454114131,2.5384914895655152e-05,0.0002890291492839903
Exp03_Circumference,raw,k_canonical,30,6.6274026541417586,0.0011337587848921974,6.6274325745739695,6.62452768679943,6.63093684524968,6.6269793016538765,6.627826006629641
Exp03_Circumference,raw,two_pi_error,30,0.05478389226700751,0.0001804433148894977,0.05478865425169345,0.054326327003248,0.0553463762516642,0.05471651362589079,0.05485127090812422
Exp03_Circumference,raw,test_rmse,30,0.7490220481032314,0.1800348936229798,0.6918718201313154,0.611608189916628,1.43971167150761,0.681795913993819,0.8162481822126437
Exp03_Circumference,raw,val_loss,30,1.2066778166727062e-06,7.100036322539367e-07,9.683295759868314e-07,7.72231725059575e-07,4.38413336326575e-06,9.41558103268545e-07,1.4717975300768674e-06
Exp04_StochasticPi,N=100,k_canonical,15,3.1620598466177197,0.038229406530901344,3.16601414877659,3.08221016938747,3.20988599701348,3.1408891069359357,3.1832305862995036
Exp04_StochasticPi,N=100,pi_error,15,0.011535794214538897,0.007139715782251792,0.0101780342274854,0.000495387970235823,0.0217384463723042,0.007581951402310099,0.015489637026767696
Exp04_StochasticPi,N=100,test_rmse,15,19365.867449169476,5002.654628130607,19483.6279960342,9402.86611914417,27390.4696729817,16595.48965728782,22136.245241051132
Exp04_StochasticPi,N=300,k_canonical,15,3.142159896198144,0.034632896976965304,3.15956888555077,3.07177171100107,3.18764813765374,3.122980837121391,3.161338955274897
Exp04_StochasticPi,N=300,pi_error,15,0.00878186110647277,0.006239681834738133,0.00720666605331234,0.000489062325845207,0.0222246962886613,0.005326440481158596,0.012237281731786944
Exp04_StochasticPi,N=300,test_rmse,15,11414.571958529526,2714.702358197452,12515.3475309195,6140.31384079324,15147.2114509253,9911.219901717774,12917.92401534128
Exp04_StochasticPi,N=1000,k_canonical,14,3.1439107002950353,0.014052707678995408,3.146304124584375,3.10825264819187,3.15918945995207,3.13579690844562,3.1520244921444505
Exp04_StochasticPi,N=1000,pi_error,15,0.003759398758298496,0.0025501293442006965,0.00296806068277002,0.000838404330041685,0.0106124533235808,0.002347184198877806,0.005171613317719186
Exp04_StochasticPi,N=1000,test_rmse,15,6049.517447202346,1829.0485519025833,5178.58398866024,4258.18590826186,10419.9428609457,5036.624120533159,7062.410773871534
Exp04_StochasticPi,N=3000,k_canonical,13,3.1403511692839983,0.013638547563415196,3.14002949572739,3.11119787680396,3.16257930764088,3.132109477476323,3.1485928610916734
Exp04_StochasticPi,N=3000,pi_error,15,0.0035721899260801,0.0029181361161933596,0.0025996986975392,0.000497568601269403,0.00967495793928044,0.0019561800091590855,0.005188199843001114
Exp04_StochasticPi,N=3000,test_rmse,15,3557.615658871685,1094.9836883635191,3723.01373719194,2302.05077984552,5538.29184275199,2951.2339039415983,4163.9974138017715
Exp04_StochasticPi,N=10000,k_canonical,15,3.1397337105488554,0.00976839495297341,3.14130964128465,3.1214478867622,3.15815546700341,3.1343241537331856,3.145143267364525
Exp04_StochasticPi,N=10000,pi_error,15,0.002361998497671644,0.0020163892965302742,0.00156202049347996,9.00856146374592e-05,0.00641227843609046,0.0012453593246446655,0.0034786376706986226
Exp04_StochasticPi,N=10000,test_rmse,15,2624.457174464105,816.4078613035971,2527.55400971062,1451.66352344517,4340.87763457868,2172.3455704859066,3076.568778442303
Exp04_StochasticPi,N=30000,k_canonical,15,3.1407069261930713,0.0036640869896889146,3.1417032416132,3.13342831818615,3.14616273912266,3.1386778224514944,3.1427360299346483
Exp04_StochasticPi,N=30000,pi_error,15,0.0008821994857044366,0.0007820417881588442,0.000693864120399903,2.78633229562409e-05,0.00259878867309902,0.000449119178689863,0.0013152797927190102
Exp04_StochasticPi,N=30000,test_rmse,15,1409.8099056880412,292.64072228460054,1395.89591687744,946.67683828958,2112.14066024008,1247.750875376685,1571.8689359993975
Exp05_SyntheticRecovery,S1_noise0,max_rel_err,15,6.571478801899269e-06,2.5451227940508927e-05,4.79616346638068e-15,7.40148683083438e-16,9.85721819590779e-05,-7.5229414417088415e-06,2.066589904550738e-05
Exp05_SyntheticRecovery,S1_noise0,test_rmse,15,4.24748487558198e-06,1.6450438173400294e-05,3.60840511815556e-15,5.63194302445981e-16,6.37122730867498e-05,-4.862464135497461e-06,1.3357433886661421e-05
Exp05_SyntheticRecovery,S1_noise0,pruned_n,15,2.0,0.0,2.0,2.0,2.0,2.0,2.0
Exp05_SyntheticRecovery,S1_noise0.05,max_rel_err,15,0.007219224929908998,0.006396649398950992,0.00548056356851774,0.000871444781137498,0.0236653160708431,0.0036768785649093794,0.010761571294908616
Exp05_SyntheticRecovery,S1_noise0.05,test_rmse,15,0.049733068169230774,0.004774071549888946,0.0493327996226463,0.0415873126620936,0.0613484054802058,0.047089275466793375,0.05237686087166817
Exp05_SyntheticRecovery,S1_noise0.05,pruned_n,15,2.2,0.7745966692414836,2.0,2.0,5.0,1.7710426624166145,2.628957337583386
Exp05_SyntheticRecovery,S2_noise0,max_rel_err,15,5.334512787929305e-15,1.0686000788537632e-14,2.08166817117217e-15,1.30614473485313e-16,4.32986979603811e-14,-5.831972019080402e-16,1.125222277776665e-14
Exp05_SyntheticRecovery,S2_noise0,test_rmse,15,1.7343796785817179e-15,3.2342637292962185e-15,8.65139652333427e-16,1.92034818798021e-16,1.32864492574021e-14,-5.669587525454852e-17,3.5254552324179845e-15
Exp05_SyntheticRecovery,S2_noise0,pruned_n,15,3.0,0.0,3.0,3.0,3.0,3.0,3.0
Exp05_SyntheticRecovery,S2_noise0.05,max_rel_err,15,0.022415835026085528,0.013900769769508103,0.0209831415239681,0.00679838465868126,0.0521207254037886,0.014717845314192164,0.03011382473797889
Exp05_SyntheticRecovery,S2_noise0.05,test_rmse,15,0.0514884939254399,0.0029775157330856916,0.0515920924702144,0.0464037643379045,0.0571427927706128,0.04983960067273873,0.05313738717814107
Exp05_SyntheticRecovery,S2_noise0.05,pruned_n,15,3.066666666666667,0.2581988897471611,3.0,3.0,4.0,2.923680887472205,3.2096524458611286
Exp05_SyntheticRecovery,S3_noise0,max_rel_err,15,9.518017286622519e-14,9.17103159280268e-14,8.31927119785784e-14,5.9211894646675e-15,3.11750625314744e-13,4.4392692734222205e-14,1.4596765299822818e-13
Exp05_SyntheticRecovery,S3_noise0,test_rmse,15,1.1218716080112784e-14,9.575894559457694e-15,9.47329993859977e-15,1.79308789421405e-15,3.43081604149307e-14,5.9157624291158385e-15,1.652166973110973e-14
Exp05_SyntheticRecovery,S3_noise0,pruned_n,15,3.0,0.0,3.0,3.0,3.0,3.0,3.0
Exp05_SyntheticRecovery,S3_noise0.05,max_rel_err,15,0.08713530903874485,0.07394260812187346,0.0482154528875699,0.0143449010823197,0.232538982508295,0.04618725752570358,0.12808336055178612
Exp05_SyntheticRecovery,S3_noise0.05,test_rmse,15,0.05187562036961966,0.00447960431634968,0.0515140595128875,0.0442714102738662,0.0597608094580293,0.04939489818571191,0.054356342553527406
Exp05_SyntheticRecovery,S3_noise0.05,pruned_n,15,3.2,0.4140393356054125,3.0,3.0,4.0,2.9707126584600347,3.4292873415399656
Exp05_SyntheticRecovery,S4_noise0,max_rel_err,15,1.0806170773018193e-14,9.375597428778958e-15,7.7715611723761e-15,2.08166817117217e-15,3.03923552991137e-14,5.614137975819492e-15,1.5998203570216894e-14
Exp05_SyntheticRecovery,S4_noise0,test_rmse,15,1.396854633418363e-15,6.426030741971181e-16,1.34454270156073e-15,6.5508706265026e-16,2.39234252626008e-15,1.0409929123753052e-15,1.7527163544614209e-15
Exp05_SyntheticRecovery,S4_noise0,pruned_n,15,5.0,0.0,5.0,5.0,5.0,5.0,5.0
Exp05_SyntheticRecovery,S4_noise0.05,max_rel_err,15,0.013224574554753874,0.008845794619227835,0.0102993767129564,0.0035991602585092,0.0359619382960306,0.008325936774153673,0.018123212335354077
Exp05_SyntheticRecovery,S4_noise0.05,test_rmse,15,0.050127133013205635,0.0036718807886154826,0.0494872976824393,0.0438974302000349,0.0573169136211848,0.04809371320964456,0.05216055281676671
Exp05_SyntheticRecovery,S4_noise0.05,pruned_n,15,5.0,0.0,5.0,5.0,5.0,5.0,5.0
Exp05_SyntheticRecovery,S5_noise0,max_rel_err,15,0.24897198484291347,0.24504789997979393,0.156521424787752,0.0156588959793226,1.0,0.11326898103492508,0.3846749886509019
Exp05_SyntheticRecovery,S5_noise0,test_rmse,15,0.289165454706188,0.0563770659694159,0.298622769866476,0.0893715183935494,0.326654805586843,0.25794487620475337,0.3203860332076226
Exp05_SyntheticRecovery,S5_noise0,pruned_n,15,5.066666666666666,4.1311822359545785,4.0,4.0,20.0,2.7788941995552774,7.3544391337780555
Exp05_SyntheticRecovery,S5_noise0.05,max_rel_err,15,0.2468830126749648,0.16344192600952606,0.225066466045792,0.0357682787462182,0.578508755223993,0.15637189093311538,0.3373941344168142
Exp05_SyntheticRecovery,S5_noise0.05,test_rmse,15,0.34637464172639965,0.015918069471193765,0.348423613647446,0.310913527149471,0.374176524024436,0.3375595086759089,0.3551897747768904
Exp05_SyntheticRecovery,S5_noise0.05,pruned_n,15,4.0,0.0,4.0,4.0,4.0,4.0,4.0
Exp06_Noise,S1_noise0,max_rel_err,10,4.9560630353608896e-05,0.00015672447417410345,5.8212693924512395e-15,9.25185853854297e-16,0.000495606303487772,-6.255330458422725e-05,0.00016167456529144503
Exp06_Noise,S1_noise0,test_rmse,10,3.1799536185760544e-05,0.00010055896287247542,3.892582925948171e-15,5.96267748098558e-16,0.000317995361824958,-4.0136012364089824e-05,0.00010373508473561091
Exp06_Noise,S1_noise0,pruned_n,10,2.0,0.0,2.0,2.0,2.0,2.0,2.0
Exp06_Noise,S1_noise0.01,max_rel_err,10,0.0006941643041171191,0.0004992141772452131,0.0005377033975589605,0.000174288956226754,0.00154926360170134,0.00033704799485746874,0.0010512806133767694
Exp06_Noise,S1_noise0.01,test_rmse,10,0.009805320858746762,0.0008836003938445591,0.009661466891642505,0.00839361319414889,0.0111643772039565,0.00917323121487604,0.010437410502617485
Exp06_Noise,S1_noise0.01,pruned_n,10,2.0,0.0,2.0,2.0,2.0,2.0,2.0
Exp06_Noise,S1_noise0.02,max_rel_err,10,0.0017894891926536513,0.0012365179426252375,0.0019164170440597,0.000348577912475179,0.00381807651199532,0.0009049375430181935,0.002674040842289109
Exp06_Noise,S1_noise0.02,test_rmse,10,0.019682890095548865,0.0017959267275597763,0.019837355117302752,0.0167942977001259,0.0223287544079155,0.01839816150833994,0.02096761868275779
Exp06_Noise,S1_noise0.02,pruned_n,10,2.0,0.0,2.0,2.0,2.0,2.0,2.0
Exp06_Noise,S1_noise0.05,max_rel_err,10,0.005644319831934594,0.003453691723132372,0.00719330178628306,0.00112055815839884,0.0102395378913976,0.003173697606637082,0.008114942057232106
Exp06_Noise,S1_noise0.05,test_rmse,10,0.049816435839834916,0.00468818201727383,0.04990706918787125,0.0418560505312402,0.057544444062719,0.046462712457247736,0.053170159222422096
Exp06_Noise,S1_noise0.05,pruned_n,10,2.0,0.0,2.0,2.0,2.0,2.0,2.0
Exp06_Noise,S1_noise0.1,max_rel_err,10,0.01618282035563636,0.005755175974146109,0.0161268501720882,0.00753819940228446,0.0260950297757303,0.012065815477352769,0.020299825233919953
Exp06_Noise,S1_noise0.1,test_rmse,10,0.100735332160832,0.009252154708028334,0.09999238622179266,0.083910221374086,0.115067395595002,0.0941167393951714,0.1073539249264926
Exp06_Noise,S1_noise0.1,pruned_n,10,2.0,0.0,2.0,2.0,2.0,2.0,2.0
Exp06_Noise,S2_noise0,max_rel_err,10,2.323304947119997e-15,1.8813187314838862e-15,2.08166817117217e-15,1.30614473485313e-16,6.66133814775094e-15,9.774906001877756e-16,3.6691192940522184e-15
Exp06_Noise,S2_noise0,test_rmse,10,7.80388571935093e-16,5.163406990246969e-16,6.782858675085395e-16,1.92034818798021e-16,1.98706425197183e-15,4.1102068704492907e-16,1.149756456825257e-15
Exp06_Noise,S2_noise0,pruned_n,10,3.0,0.0,3.0,3.0,3.0,3.0,3.0
Exp06_Noise,S2_noise0.01,max_rel_err,10,0.0027153903635820115,0.0024457562788373272,0.001893834820096835,0.000498733331498681,0.00862673538375491,0.0009658017191513854,0.004464979008012637
Exp06_Noise,S2_noise0.01,test_rmse,10,0.010090465581049313,0.0005366101391327014,0.010079152462601451,0.00928524917939121,0.0108537413140412,0.009706597812197371,0.010474333349901254
Exp06_Noise,S2_noise0.01,pruned_n,10,3.0,0.0,3.0,3.0,3.0,3.0,3.0
Exp06_Noise,S2_noise0.02,max_rel_err,10,0.009547121114391932,0.006707373371195702,0.008275332609685574,0.00252196211031119,0.0236598124620492,0.004748955252264793,0.014345286976519071
Exp06_Noise,S2_noise0.02,test_rmse,10,0.02130726699855793,0.0009795983643990157,0.02143759110505125,0.0196116689494363,0.0225065268246962,0.020606504543490212,0.022008029453625646
Exp06_Noise,S2_noise0.02,pruned_n,10,3.0,0.0,3.0,3.0,3.0,3.0,3.0
Exp06_Noise,S2_noise0.05,max_rel_err,10,0.025990518752522857,0.010857647922342761,0.026835710147456247,0.00673489167498098,0.0411885106849193,0.01822342532848501,0.0337576121765607
Exp06_Noise,S2_noise0.05,test_rmse,10,0.05198290873817644,0.0035707426202535347,0.051935397500647254,0.0472356732543551,0.0574437000331356,0.04942855334527117,0.0545372641310817
Exp06_Noise,S2_noise0.05,pruned_n,10,3.0,0.0,3.0,3.0,3.0,3.0,3.0
Exp06_Noise,S2_noise0.1,max_rel_err,10,0.05169308178384415,0.03264821684637924,0.0447060785854745,0.0139853732878923,0.0978216761711576,0.0283379543945819,0.0750482091731064
Exp06_Noise,S2_noise0.1,test_rmse,10,0.1028965090439895,0.00729029780406861,0.1032231382186215,0.0906031468197979,0.113766351595838,0.0976813441631374,0.10811167392484161
Exp06_Noise,S2_noise0.1,pruned_n,10,3.0,0.0,3.0,3.0,3.0,3.0,3.0
Exp06_Noise,S3_noise0,max_rel_err,10,1.1657976171721076e-13,9.801689373063853e-14,1.105782132526657e-13,7.61295788314393e-15,3.11750625314744e-13,4.646269988347326e-14,1.8669682355094826e-13
Exp06_Noise,S3_noise0,test_rmse,10,1.34209480075725e-14,1.0379946152763122e-14,1.285184675105185e-14,2.54959616730534e-15,3.43081604149307e-14,5.9955818434063e-15,2.08463141717387e-14
Exp06_Noise,S3_noise0,pruned_n,10,3.0,0.0,3.0,3.0,3.0,3.0,3.0
Exp06_Noise,S3_noise0.01,max_rel_err,10,0.008515407667972097,0.01245536439093626,0.002135596090854455,0.000841983372333574,0.0342015444298949,-0.0003946232656854131,0.01742543860162961
Exp06_Noise,S3_noise0.01,test_rmse,10,0.0102958250197298,0.0012373149590546686,0.01016099549803365,0.00861581139187738,0.0124240433306961,0.009410703218887363,0.011180946820572236
Exp06_Noise,S3_noise0.01,pruned_n,10,3.1,0.31622776601683794,3.0,3.0,4.0,2.87378428371459,3.32621571628541
Exp06_Noise,S3_noise0.02,max_rel_err,10,0.06198154218819276,0.08315699696862264,0.01778931439681225,0.002823093227172,0.215028390711185,0.0024946101254371064,0.12146847425094842
Exp06_Noise,S3_noise0.02,test_rmse,10,0.02343722463804746,0.006254707208986805,0.020646479287548397,0.0188138013559541,0.036060349542817,0.018962876641163695,0.027911572634931228
Exp06_Noise,S3_noise0.02,pruned_n,10,3.1,0.31622776601683794,3.0,3.0,4.0,2.87378428371459,3.32621571628541
Exp06_Noise,S3_noise0.05,max_rel_err,10,0.06758705462614681,0.056807728705690966,0.07168221566694385,0.00426430371569027,0.146788055475279,0.026949253583018716,0.1082248556692749
Exp06_Noise,S3_noise0.05,test_rmse,10,0.05303169835511096,0.003870220977376492,0.052955436534061304,0.0489166458939713,0.0592357560366342,0.05026310905124374,0.055800287658978175
Exp06_Noise,S3_noise0.05,pruned_n,10,3.1,0.31622776601683794,3.0,3.0,4.0,2.87378428371459,3.32621571628541
Exp06_Noise,S3_noise0.1,max_rel_err,10,0.12221677179562418,0.07477790860207903,0.114121105920604,0.00886400185486647,0.22926347272929,0.06872387846176205,0.17570966512948633
Exp06_Noise,S3_noise0.1,test_rmse,10,0.10500506588371247,0.005456333638196778,0.1043489923600265,0.0972119489953888,0.11334026085981,0.10110183993425192,0.10890829183317302
Exp06_Noise,S3_noise0.1,pruned_n,10,3.1,0.31622776601683794,3.0,3.0,4.0,2.87378428371459,3.32621571628541
Exp06_Noise,S4_noise0,max_rel_err,10,1.1352030426792226e-14,1.0258262825276728e-14,7.216449660063514e-15,2.08166817117217e-15,3.03923552991137e-14,4.013711271287059e-15,1.8690349582297394e-14
Exp06_Noise,S4_noise0,test_rmse,10,1.4967716207072359e-15,6.309390709712935e-16,1.5967446101529049e-15,6.5508706265026e-16,2.26341760374803e-15,1.0454249990300535e-15,1.948118242384418e-15
Exp06_Noise,S4_noise0,pruned_n,10,5.0,0.0,5.0,5.0,5.0,5.0,5.0
Exp06_Noise,S4_noise0.01,max_rel_err,10,0.003792642566476633,0.004085770673178933,0.0017454972456588248,0.000984769239159492,0.0127549814637261,0.0008698582991334548,0.006715426833819812
Exp06_Noise,S4_noise0.01,test_rmse,10,0.009640488800462145,0.0005449161346497185,0.009685635013987514,0.00881279763932772,0.0105587859948101,0.009250679280355997,0.010030298320568294
Exp06_Noise,S4_noise0.01,pruned_n,10,5.0,0.0,5.0,5.0,5.0,5.0,5.0
Exp06_Noise,S4_noise0.02,max_rel_err,10,0.008721678256776527,0.008149682424506182,0.006204393653697695,0.00154742177086323,0.0264325295247497,0.0028917466527942307,0.014551609860758824
Exp06_Noise,S4_noise0.02,test_rmse,10,0.02024223774668611,0.0011176340997173992,0.0205731696324365,0.0186781408940684,0.0217276088216924,0.019442730475085206,0.02104174501828701
Exp06_Noise,S4_noise0.02,pruned_n,10,5.0,0.0,5.0,5.0,5.0,5.0,5.0
Exp06_Noise,S4_noise0.05,max_rel_err,10,0.014103392734795018,0.010310136090566222,0.0114366439924406,0.0035991602585092,0.0359619382960306,0.006727965680728845,0.02147881978886119
Exp06_Noise,S4_noise0.05,test_rmse,10,0.05073738258180392,0.004397849814475207,0.050756280658862896,0.0438974302000349,0.0573169136211848,0.04759135034551954,0.0538834148180883
Exp06_Noise,S4_noise0.05,pruned_n,10,5.0,0.0,5.0,5.0,5.0,5.0,5.0
Exp06_Noise,S4_noise0.1,max_rel_err,10,0.03636653167414219,0.028059395601881126,0.0242831456696043,0.00869573646858079,0.0971154240933433,0.016294049252477672,0.056439014095806705
Exp06_Noise,S4_noise0.1,test_rmse,10,0.1032085856926104,0.004460390585954631,0.1033842949911765,0.0976664956064068,0.110433328499107,0.10001781448354238,0.10639935690167843
Exp06_Noise,S4_noise0.1,pruned_n,10,5.0,0.0,5.0,5.0,5.0,5.0,5.0
Exp06_Noise,S5_noise0,max_rel_err,10,0.2808069259576042,0.28738715571078827,0.1801787642831185,0.0156588959793226,1.0,0.07522253942754542,0.486391312487663
Exp06_Noise,S5_noise0,test_rmse,10,0.3057955923857677,0.011667045587761294,0.3063955276759265,0.288532170806241,0.326654805586843,0.2974494907520819,0.3141416940194535
Exp06_Noise,S5_noise0,pruned_n,10,4.0,0.0,4.0,4.0,4.0,4.0,4.0
Exp06_Noise,S5_noise0.01,max_rel_err,10,0.330193271197586,0.29111593946263575,0.213982339313952,0.11405257498609,1.0,0.12194147345970602,0.5384450689354661
Exp06_Noise,S5_noise0.01,test_rmse,10,0.30902437566493807,0.007824121293590884,0.306903171888967,0.298021897773568,0.321560501982823,0.3034273364642774,0.31462141486559875
Exp06_Noise,S5_noise0.01,pruned_n,10,4.0,0.0,4.0,4.0,4.0,4.0,4.0
Exp06_Noise,S5_noise0.02,max_rel_err,10,0.3065044754622615,0.29764851543076015,0.2184672366978705,0.0585471608681474,1.0,0.09357955439169025,0.5194293965328327
Exp06_Noise,S5_noise0.02,test_rmse,10,0.3271743654551521,0.013539710457713036,0.327574735978833,0.305779722670686,0.350058476646201,0.3174886400741445,0.3368600908361597
Exp06_Noise,S5_noise0.02,pruned_n,10,4.0,0.0,4.0,4.0,4.0,4.0,4.0
Exp06_Noise,S5_noise0.05,max_rel_err,10,0.25524697760833076,0.1783627922155839,0.1943976849888715,0.0357682787462182,0.578508755223993,0.1276539224255495,0.382840032791112
Exp06_Noise,S5_noise0.05,test_rmse,10,0.35151606187467854,0.010125092144334305,0.3508045835827015,0.338367583408709,0.374176524024436,0.34427300728546073,0.35875911646389635
Exp06_Noise,S5_noise0.05,pruned_n,10,4.0,0.0,4.0,4.0,4.0,4.0,4.0
Exp06_Noise,S5_noise0.1,max_rel_err,10,0.32734471601246706,0.32033213127747034,0.1917776484999195,0.00684130407626027,1.0,0.0981929136931651,0.556496518331769
Exp06_Noise,S5_noise0.1,test_rmse,10,0.3851899683480251,0.012768986863074863,0.3822272377275525,0.368370949875996,0.410887740462807,0.3760555854130501,0.3943243512830001
Exp06_Noise,S5_noise0.1,pruned_n,10,4.0,0.0,4.0,4.0,4.0,4.0,4.0
Exp07_OperatorAblation,A,test_rmse,15,13160.308999310279,16938.468367234087,7788.01331102744,3313.29059229572,55020.4705738867,3780.0978751594685,22540.520123461087
Exp07_OperatorAblation,A,pi_error,0,nan,nan,nan,nan,nan,nan,nan
Exp07_OperatorAblation,A,final_n,15,5.933333333333334,2.9390636669006063,5.0,2.0,13.0,4.3057341251204875,7.56093254154618
Exp07_OperatorAblation,B,test_rmse,15,1179.3446957787403,952.6171947217205,1091.73802397918,24.2389179035217,2787.89823167353,651.8028771647616,1706.886514392719
Exp07_OperatorAblation,B,pi_error,2,2.13447813810334e-05,4.836503164094623e-06,2.13447813810334e-05,1.79248571964719e-05,2.47647055655949e-05,-2.210947549108062e-05,6.479903825314742e-05
Exp07_OperatorAblation,B,final_n,15,11.666666666666666,4.639375984311847,13.0,3.0,19.0,9.097465882176476,14.235867451156857
Exp07_OperatorAblation,C,test_rmse,12,1075.8337940126132,879.5692856617421,956.513700502057,22.002451223213,3351.70478218538,516.9821319982846,1634.685456026942
Exp07_OperatorAblation,C,pi_error,2,8.078825790398776e-06,9.852071986249479e-06,8.078825790398776e-06,1.11235888018375e-06,1.50452927006138e-05,-8.043852906037283e-05,9.659618064117038e-05
Exp07_OperatorAblation,C,final_n,15,17.8,7.3795083072751435,20.0,3.0,24.0,13.713364513608093,21.88663548639191
Exp07_OperatorAblation,D,test_rmse,15,1979.9031128742245,1109.5840488701804,1929.15175468434,247.172958239838,3808.16091198646,1365.4359477953594,2594.3702779530895
Exp07_OperatorAblation,D,pi_error,0,nan,nan,nan,nan,nan,nan,nan
Exp07_OperatorAblation,D,final_n,15,24.0,0.0,24.0,24.0,24.0,24.0,24.0
Exp07_OperatorAblation,E,test_rmse,15,20.02531309150015,2.702308836798287,20.6592879984641,16.9121957469782,24.3089905347072,18.52882433807424,21.521801844926056
Exp07_OperatorAblation,E,pi_error,15,1.817755050806163e-05,4.668298936247667e-06,1.81790318015711e-05,8.00377903580705e-06,2.55738448027316e-05,1.559233272666182e-05,2.076276828946144e-05
Exp07_OperatorAblation,E,final_n,15,3.0,0.0,3.0,3.0,3.0,3.0,3.0
Exp08_PruningAblation,none,test_rmse,12,2055.3166162833486,1092.3726812634445,2270.94340223904,324.051485073352,3808.16091198646,1361.2561273432016,2749.3771052234956
Exp08_PruningAblation,none,pi_error,0,nan,nan,nan,nan,nan,nan,nan
Exp08_PruningAblation,none,final_n,12,24.0,0.0,24.0,24.0,24.0,24.0,24.0
Exp08_PruningAblation,r0,test_rmse,12,1942.3305158470455,971.5028155278615,2095.02376007029,323.051411959397,3154.12219174266,1325.0670757067091,2559.593955987382
Exp08_PruningAblation,r0,pi_error,0,nan,nan,nan,nan,nan,nan,nan
Exp08_PruningAblation,r0,final_n,12,24.0,0.0,24.0,24.0,24.0,24.0,24.0
Exp08_PruningAblation,r10k,test_rmse,12,311.4998544490999,709.3682457338863,25.4493406052364,16.6954188230233,2493.75312352183,-139.21122604334425,762.2109349415441
Exp08_PruningAblation,r10k,pi_error,8,1.9009575587287163e-05,1.3797836239984938e-05,1.7633050106102602e-05,1.11469295299538e-07,3.72940588345863e-05,7.474295817439126e-06,3.05448553571352e-05
Exp08_PruningAblation,r10k,final_n,12,5.833333333333333,4.608950449117916,3.0,3.0,16.0,2.904945927566433,8.761720739100234
Exp08_PruningAblation,r1k,test_rmse,12,1500.668536755319,1001.4470105676002,1558.87086485836,23.608645912354,3082.2011226798,864.3794627752914,2136.957610735347
Exp08_PruningAblation,r1k,pi_error,1,1.3582706244563e-05,0.0,1.3582706244563e-05,1.3582706244563e-05,1.3582706244563e-05,1.3582706244563e-05,1.3582706244563e-05
Exp08_PruningAblation,r1k,final_n,12,14.166666666666666,4.40729422937049,16.0,3.0,17.0,11.36640551018846,16.96692782314487
Exp08_PruningAblation,r50k,test_rmse,12,20.71789525162866,3.8602228531660354,20.1738033866484,16.5424071330373,28.7135207394588,18.26522666439565,23.17056383886167
Exp08_PruningAblation,r50k,pi_error,12,1.948285414748704e-05,1.2677678222755014e-05,1.9363620828437952e-05,1.13248125251414e-06,4.94851968856464e-05,1.142784169904853e-05,2.753786659592555e-05
Exp08_PruningAblation,r50k,final_n,12,3.0,0.0,3.0,3.0,3.0,3.0,3.0
Exp09_NetworkSize,area_H8,test_metric,10,19.878929126281122,2.6070803112106233,19.3222612470113,16.9121957469782,23.4359393890324,18.01393622119037,21.743922031371874
Exp09_NetworkSize,area_H8,pi_error,10,1.5613730436233712e-05,4.981230172762319e-06,1.67373662619763e-05,7.95856516030388e-06,2.42067251065881e-05,1.2050373031830695e-05,1.917708784063673e-05
Exp09_NetworkSize,area_H12,test_metric,9,20.539623080438933,2.899931453532289,21.3306209920382,17.32822268263,24.5865139452175,18.310538439220903,22.768707721656963
Exp09_NetworkSize,area_H12,pi_error,9,1.971706364827544e-05,1.274211937937164e-05,1.65473546592966e-05,3.50520836169097e-06,4.26747523315055e-05,9.92260365491006e-06,2.951152364164082e-05
Exp09_NetworkSize,area_H22,test_metric,10,21.545184887449654,3.8100473913199124,21.1018093173523,17.7918699568471,29.3930722794842,18.819641173926094,24.270728600973214
Exp09_NetworkSize,area_H22,pi_error,10,1.6010237344797205e-05,1.2048360692863717e-05,1.464612595014795e-05,1.11469295299538e-07,3.72940588345863e-05,7.391359317318684e-06,2.4629115372275726e-05
Exp09_NetworkSize,area_H36,test_metric,10,21.234527566107253,3.326070513127956,21.1882073893077,16.9121957469782,26.3821561860963,18.85520005473699,23.613855077477517
Exp09_NetworkSize,area_H36,pi_error,10,1.9734364365315563e-05,1.180236211680583e-05,1.813448592135815e-05,1.00618240337753e-05,5.0269784083809e-05,1.129146311808335e-05,2.8177265612547776e-05
Exp09_NetworkSize,area_H50,test_metric,10,21.35000399264026,4.160913725957845,21.30042316637975,17.0953934098087,29.0929630679474,18.37346562355464,24.32654236172588
Exp09_NetworkSize,area_H50,pi_error,10,1.6258016044346487e-05,8.809187347971028e-06,1.63377162125149e-05,6.12517811428877e-06,3.6509686205124e-05,9.956303038830302e-06,2.2559729049862674e-05
Exp09_NetworkSize,circle_H8,test_metric,10,0.9447019867549671,0.03607262606631066,0.927152317880795,0.897350993377483,0.996688741721854,0.9188971845812968,0.9705067889286374
Exp09_NetworkSize,circle_H8,pi_error,10,0.0,0.0,0.0,0.0,0.0,0.0,0.0
Exp09_NetworkSize,circle_H12,test_metric,10,0.9304635761589406,0.025743716975034546,0.923841059602649,0.897350993377483,0.983443708609272,0.9120476304350403,0.9488795218828409
Exp09_NetworkSize,circle_H12,pi_error,10,0.0,0.0,0.0,0.0,0.0,0.0,0.0
Exp09_NetworkSize,circle_H22,test_metric,10,0.9281456953642385,0.02106115293649175,0.925496688741722,0.897350993377483,0.980132450331126,0.9130794541630426,0.9432119365654345
Exp09_NetworkSize,circle_H22,pi_error,10,0.0,0.0,0.0,0.0,0.0,0.0,0.0
Exp09_NetworkSize,circle_H36,test_metric,10,0.9264900662251657,0.022338385237392677,0.923841059602649,0.897350993377483,0.983443708609272,0.9105101480769688,0.9424699843733626
Exp09_NetworkSize,circle_H36,pi_error,10,0.0,0.0,0.0,0.0,0.0,0.0,0.0
Exp09_NetworkSize,circle_H50,test_metric,10,0.9268211920529803,0.023281073674657232,0.923841059602649,0.897350993377483,0.986754966887417,0.9101669152209909,0.9434754688849697
Exp09_NetworkSize,circle_H50,pi_error,10,0.0,0.0,0.0,0.0,0.0,0.0,0.0
Exp10_PruneTolerance,factor=1,test_rmse,10,410.66644423678156,774.6761915154168,74.4787669038296,17.8005555112606,2493.75312352183,-143.50351926851772,964.8364077420808
Exp10_PruneTolerance,factor=1,pi_error,5,2.6785560867595547e-05,1.78364523851525e-05,3.14309788457766e-05,8.59805665855086e-06,4.96974141130883e-05,4.638680085275986e-06,4.893244164991511e-05
Exp10_PruneTolerance,factor=1,compression,10,0.9358695652173912,0.0795828657365721,0.9692028985507245,0.753623188405797,0.992753623188406,0.8789394126143915,0.9927997178203909
Exp10_PruneTolerance,factor=1,terms,10,24.1,26.871918427979793,13.0,4.0,83.0,4.876987575389322,43.32301242461068
Exp10_PruneTolerance,factor=1.05,test_rmse,10,412.4157942417561,774.9826980949659,74.4787669038296,17.8005555112606,2493.75312352183,-141.97343086195463,966.8050193454668
Exp10_PruneTolerance,factor=1.05,pi_error,5,2.503853660442934e-05,2.0291600314019644e-05,3.14309788457766e-05,1.11469295299538e-07,4.96974141130883e-05,-1.5681297142909468e-07,5.023388618028778e-05
Exp10_PruneTolerance,factor=1.05,compression,10,0.9409420289855073,0.0769741618170342,0.9692028985507245,0.753623188405797,0.992753623188406,0.8858780307470279,0.9960060272239867
Exp10_PruneTolerance,factor=1.05,terms,10,22.6,25.915246477701114,13.0,4.0,83.0,4.061349461786506,41.1386505382135
Exp10_PruneTolerance,factor=1.1,test_rmse,10,334.65183644229035,770.056101772584,27.290758819962,17.8005555112606,2493.75312352183,-216.21311395918758,885.5167868437683
Exp10_PruneTolerance,factor=1.1,pi_error,6,1.734640812879765e-05,1.5594502048966006e-05,1.2440838172319629e-05,1.11469295299538e-07,3.72940588345863e-05,9.809818921817728e-07,3.371183436541353e-05
Exp10_PruneTolerance,factor=1.1,compression,10,0.947463768115942,0.07846059830115786,0.992753623188406,0.753623188405797,0.992753623188406,0.8913364372732318,1.0035910989586523
Exp10_PruneTolerance,factor=1.1,terms,10,19.9,26.345777650318084,4.0,4.0,83.0,1.0533660142116936,38.74663398578831
Exp10_PruneTolerance,factor=1.25,test_rmse,10,321.5616905930835,791.1251724174336,24.7647697160481,17.8005555112606,2549.04846667436,-244.37516499694385,887.4985461831109
Exp10_PruneTolerance,factor=1.25,pi_error,7,1.6604921067416672e-05,1.4370306186648863e-05,1.21559986991308e-05,1.11469295299538e-07,3.72940588345863e-05,3.3146044886660294e-06,2.9895237646167316e-05
Exp10_PruneTolerance,factor=1.25,compression,10,0.9608695652173914,0.07152777140520766,0.992753623188406,0.764492753623188,0.992753623188406,0.9097016799727208,1.012037450462062
Exp10_PruneTolerance,factor=1.25,terms,10,15.2,23.97127911109923,4.0,4.0,80.0,-1.9480200574988693,32.34802005749887
Exp10_PruneTolerance,factor=1.5,test_rmse,10,473.894839591307,875.2881043115865,27.290758819962,18.2712607237036,2549.04846667436,-152.24855055742887,1100.0382297400429
Exp10_PruneTolerance,factor=1.5,pi_error,6,2.001914547526938e-05,1.1670211003121251e-05,1.675495794200775e-05,6.43648018882939e-06,3.72940588345863e-05,7.772010123487673e-06,3.2266280827051086e-05
Exp10_PruneTolerance,factor=1.5,compression,10,0.9597826086956524,0.05805775515430625,0.992753623188406,0.807971014492754,0.992753623188406,0.9182505925998392,1.0013146247914655
Exp10_PruneTolerance,factor=1.5,terms,10,16.2,20.389539801901694,4.0,4.0,68.0,1.614201892785493,30.785798107214504
Exp10_PruneTolerance,factor=2,test_rmse,10,311.54531261914246,790.6340397402945,25.227633680941352,18.2712607237036,2549.04846667436,-254.04020781853683,877.1308330568218
Exp10_PruneTolerance,factor=2,pi_error,7,1.7966521497202843e-05,1.1612355648877995e-05,1.29272018351063e-05,6.43648018882939e-06,3.72940588345863e-05,7.226883747381046e-06,2.870615924702464e-05
Exp10_PruneTolerance,factor=2,compression,10,0.9739130434782611,0.0335479334405154,0.992753623188406,0.894927536231884,0.992753623188406,0.9499142976099513,0.997911789346571
Exp10_PruneTolerance,factor=2,terms,10,11.3,12.84998919152161,4.0,4.0,41.0,2.1076714899694906,20.49232851003051
Exp11_Baselines,dtree_noFE,test_rmse,10,6263.787218290941,561.0732839875021,6358.512074024248,5417.4857337471585,7237.922785331422,5862.419569824925,6665.154866756958
Exp11_Baselines,dtree_noFE,pi_error,0,nan,nan,nan,nan,nan,nan,nan
Exp11_Baselines,gboost_noFE,test_rmse,10,4267.804112536485,482.957216620306,4174.574179773419,3583.933454915338,5084.867305496068,3922.3173323302426,4613.290892742728
Exp11_Baselines,gboost_noFE,pi_error,0,nan,nan,nan,nan,nan,nan,nan
Exp11_Baselines,hsm,test_rmse,10,21.545184887449654,3.8100473913199124,21.1018093173523,17.7918699568471,29.3930722794842,18.819641173926094,24.270728600973214
Exp11_Baselines,hsm,pi_error,10,1.6010237344797205e-05,1.2048360692863717e-05,1.464612595014795e-05,1.11469295299538e-07,3.72940588345863e-05,7.391359317318684e-06,2.4629115372275726e-05
Exp11_Baselines,lasso_poly2_priorFE,test_rmse,10,19.89165692898701,2.618280285070059,19.37328966757567,16.903379706881676,23.742708021134103,18.018652045249024,21.764661812725
Exp11_Baselines,lasso_poly2_priorFE,pi_error,10,1.4494431803723153e-05,1.2552133010885239e-05,9.248586262136834e-06,3.150508504412278e-06,3.6616446235882545e-05,5.515176769502182e-06,2.347368683794412e-05
Exp11_Baselines,linreg_noFE,test_rmse,10,48761.61599923272,5094.131199891097,48298.18250958257,40910.34751499311,54407.49725825875,45117.49406537996,52405.73793308549
Exp11_Baselines,linreg_noFE,pi_error,0,nan,nan,nan,nan,nan,nan,nan
Exp11_Baselines,mlp_dense,test_rmse,10,17672.474479268836,19947.367525977454,8013.536560629394,6560.91384568122,56872.5635738169,3402.987363273318,31941.961595264354
Exp11_Baselines,mlp_dense,pi_error,0,nan,nan,nan,nan,nan,nan,nan
Exp11_Baselines,mlp_pruned,test_rmse,10,15711.330268021324,20479.963876681366,6463.9220881704405,4444.31874051412,54717.3517477342,1060.8466744455727,30361.813861597075
Exp11_Baselines,mlp_pruned,pi_error,0,nan,nan,nan,nan,nan,nan,nan
Exp11_Baselines,mlp_sk_noFE,test_rmse,10,70950.51721657957,35495.575792129464,57269.167825461926,47657.80734690783,150050.27852034578,45558.511941647215,96342.52249151192
Exp11_Baselines,mlp_sk_noFE,pi_error,0,nan,nan,nan,nan,nan,nan,nan
Exp11_Baselines,poly2_priorFE,test_rmse,10,19.89002336816983,2.626497604055288,19.356952816348375,16.902856660195216,23.81940260058397,18.01114016854705,21.768906567792612
Exp11_Baselines,poly2_priorFE,pi_error,10,1.3875288716095919e-05,1.2641353420925783e-05,9.298788045629079e-06,6.95941903364546e-07,3.923133065176125e-05,4.832209245397333e-06,2.2918368186794505e-05
Exp11_Baselines,rforest_noFE,test_rmse,10,2919.856874201623,631.2418098568772,3012.4765373675427,1942.6953221792912,3848.585356822418,2468.2936861719277,3371.4200622313188
Exp11_Baselines,rforest_noFE,pi_error,0,nan,nan,nan,nan,nan,nan,nan
Exp12_CrossProduct,cross,test_rmse,7,0.00324581093721239,0.0012699773519199895,0.00309379273769575,0.00173798915219156,0.00552678551591942,0.0020712777828289838,0.004420344091595797
Exp12_CrossProduct,diag,test_rmse,10,2.2194996302922776e-15,1.0686855426871924e-15,1.78747353350299e-15,7.7397265615325e-16,4.46754110111613e-15,1.4550080470010976e-15,2.983991213583458e-15
Exp12_CrossProduct,mixed,test_rmse,8,0.0024388184394358928,0.001065365849066832,0.00200270871447046,0.00188216780311998,0.00501288002956425,0.00154815030042622,0.0033294865784455653
Exp13_EquationExport,all,max_abs,13,2.835338801350397e-15,4.0520898052833004e-15,1.77635683940025e-15,0.0,1.37667655053519e-14,3.8668543874818386e-16,5.283992163952609e-15
Exp13_EquationExport,all,mean_abs,13,1.0676259259372806e-15,1.4777823024341517e-15,7.31282318650667e-16,0.0,4.74620343027254e-15,1.7461101809112178e-16,1.9606408337834393e-15
Exp13_EquationExport,all,manual_max,13,2.340008528825328e-15,3.506870291352184e-15,1.55431223447522e-15,0.0,1.15463194561016e-14,2.208280210455985e-16,4.459189036605057e-15
