x1,x2,y
0.471661068718723,0.673933938459462,1
0.927476201638335,0.651452892763285,1
0.434972663146897,0.353140695650662,1
0.00528704328708679,0.521256251037706,1
0.47940741501721,0.562143705115721,1
0.692065473502532,0.996269255409143,1
0.2900227728719,0.436893905716433,1
0.386001834359952,0.402185888216917,1
0.879121645763107,0.162696094793592,1
0.321929863338326,0.470702902633093,1
0.845688613059785,0.453546159180601,1
0.61822921625256,0.633069112260392,1
0.491965450109898,0.513522563275659,1
0.546623740599781,0.405973177592258,1
0.619221548372517,0.715389592906176,1
0.652829361917837,0.620159716634154,1
0.63791260152958,0.636807683686171,1
0.392394412491654,0.509339614077164,1
0.585760480997041,0.606673016961046,1
0.25083324278278,0.493338803990436,1
0.436111454589344,0.322000188902952,1
0.371902249460994,0.575636088650504,1
0.700646458985585,0.367059008389273,1
0.428469199421103,0.43113526535739,1
0.625009648327254,0.332979464592868,1
0.494672421596326,0.942173338933929,1
0.820281933443752,0.0674935547017928,1
0.434287771319173,0.546664071058232,1
0.572493232587582,0.339688079124171,1
0.565765014647397,0.523868861386491,1
0.680508779213069,0.470432214192316,1
0.339909787913742,0.469889295040578,1
0.482500563134672,0.588499471819261,1
0.374855661939297,0.508391521176506,1
0.463965313725157,0.40694887489404,1
0.701264131675132,0.353188091122167,1
0.902678476135562,0.816037984479236,1
0.253049272696045,0.236281251644847,1
0.488591620460428,0.22695935109023,1
0.0334396562694757,0.820890275212419,1
0.626664748707164,0.762634449062233,1
0.653595830152554,0.0585497874107909,1
0.509404145418389,0.550190512812785,1
0.410785146248893,0.564257056249425,1
0.691548273289366,0.501612400403997,1
0.414546045667746,0.586508068994856,1
0.548924213996587,0.638350120577193,1
0.727686333808902,0.463665967091762,1
0.442815121003806,0.542527952949762,1
0.770112237785995,0.61435284354461,1
0.725949534087418,0.55215425861634,1
0.713233806525,0.430055370754588,1
0.669500935668825,0.417528748241034,1
0.401742955391176,0.575473731185996,1
0.274661325046169,0.570993033503645,1
0.477399484476726,0.487166881788134,1
0.588920120889749,0.577860478115203,1
0.683649418262602,0.892096670759887,1
0.762175629736006,0.557067735380059,1
0.584942701545052,0.443820414805701,1
0.599743179790556,0.376110839366964,1
0.638412681705511,0.703476360395307,1
0.286052965692269,0.539756898088268,1
0.560523985680437,0.47600081445463,1
0.534597122825029,0.633148119148402,1
0.506420969267572,0.406672235302009,1
0.38918308745566,0.381563617559878,1
0.494759451828319,0.121213204749493,1
0.354037595146353,0.585703634464044,1
0.551863644994732,0.394556776804177,1
0.563873616775439,0.525277112389578,1
0.310823063976515,0.551676765341161,1
0.395512486526516,0.72118352526854,1
0.64204407932332,0.496689081423305,1
0.919540632013018,0.965399854334723,1
0.468551096724603,0.548824810212862,1
0.465165142186529,0.422312403760065,1
0.743640187542718,0.451470633247621,1
0.353521754198485,0.394839610622655,1
0.621619551266366,0.62048899178416,1
0.608944400031559,0.329787089177308,1
0.351650994900451,0.469935529152833,1
0.407970998160528,0.459163072267158,1
0.542451168197417,0.55572398777852,1
0.560135759674076,0.740620974330521,1
0.358735839072026,0.615841681890116,1
0.30281670917888,0.530723151532339,1
0.386498187848599,0.9431491987515,1
0.679283171742821,0.594831735638358,1
0.370930948001766,0.587343385250933,1
0.601005228516183,0.353051793925954,1
0.32106512567078,0.440916948225776,1
0.432176586907439,0.703386062618059,1
0.502357159975151,0.588164472760709,1
0.500214097322996,0.893967800258644,1
0.474016380251393,0.399932271055846,1
0.290169581440356,0.442174053491174,1
0.529732025009455,0.344044358629754,1
0.65869652883089,0.453787388491345,1
0.685212684183015,0.483379798235083,1
0.596380810065372,0.843386488428054,0
0.106361877688375,0.212231698079143,0
0.142998479373287,0.725174292794044,0
0.155160451845806,0.789617590508246,0
0.1792439409435,0.239964505769296,0
0.758919127173219,0.59384867995691,0
0.396449929287867,0.131478293394427,0
0.495011482152628,0.148861322155623,0
0.693649351454177,0.130649200235796,0
0.799374597985006,0.633522821885311,0
0.643933598717644,0.182314578528662,0
0.23272610606287,0.0509255780144248,0
0.532168061254624,0.887925389636273,0
0.712578291870923,0.691039292463585,0
0.862332753307341,0.800971359387492,0
0.435817240008999,0.828213075095887,0
0.261877196031565,0.756423258574877,0
0.688882312126869,0.112979289196888,0
0.343208424906809,0.100773276342439,0
0.714983817988533,0.21813770300622,0
0.584766612660497,0.0523178116662045,0
0.181773518762446,0.371097859633666,0
0.880996270515489,0.908926060380845,0
0.287215705629073,0.891916584173179,0
0.206364501829429,0.457778513179057,0
0.21907613995442,0.901045003859813,0
0.45598178657516,0.875542026420842,0
0.602842867655141,0.150830560899726,0
0.464460531931585,0.0425203358952516,0
0.820740460800352,0.606769793949448,0
0.224827472225217,0.767006887945815,0
0.238827760442546,0.680813131705305,0
0.813615519466631,0.710859346068864,0
0.821304710033026,0.121968353223972,0
0.877321432287489,0.63080898096357,0
0.83512556405511,0.162699434982007,0
0.351673698216525,0.912808458280195,0
0.068542398544281,0.861775551392592,0
0.284920691645202,0.0525718936941456,0
0.0528040305025894,0.447422743051975,0
0.339074479108245,0.7658815406104,0
0.0463920748077296,0.462417086336025,0
0.696551954232413,0.684415650872707,0
0.370454366957049,0.0960856057219606,0
0.446780563074528,0.0429934994517795,0
0.440726897884499,0.126441633853336,0
0.395615564843461,0.821216895161763,0
0.832742425069559,0.565592536500465,0
0.443096703590405,0.976432061277531,0
0.112762137368676,0.0653881482153144,0
0.3592722394314,0.891207808578018,0
0.0472906027209436,0.70129015329354,0
0.770792750534971,0.746475187943538,0
0.193158785902503,0.775493042438986,0
0.39685721620771,0.811953900760018,0
0.0234534046721893,0.44966256360042,0
0.102641222580635,0.596887286099087,0
0.240365349333903,0.616318733252733,0
0.796198220362979,0.479792124815188,0
0.0678180246929722,0.816116540607119,0
0.883542242871384,0.715729810165116,0
0.325475102907734,0.128277364712338,0
0.907117532522938,0.238374364673334,0
0.882163155769074,0.670719978246242,0
0.260198567649442,0.231168407123149,0
0.605072775206097,0.264844777185863,0
0.108742438307378,0.855441426325329,0
0.837857429328308,0.237593580613655,0
0.852549330728384,0.418831238718159,0
0.924466215038889,0.714315189381277,0
0.92617560267736,0.215945368733232,0
0.171677338970675,0.084055196067344,0
0.154235686713008,0.439142525400567,0
0.53637915595266,0.227363521804737,0
0.923511305322643,0.720441366881338,0
0.505588971313829,0.963645513152539,0
0.403937197012798,0.745608386465166,0
0.958140389042972,0.337727119372099,0
0.0738235921942739,0.97635349117981,0
0.133550774368248,0.403463648820046,0
0.704638508942276,0.801135598589264,0
0.955250369829708,0.789009819640317,0
0.915285456420521,0.705126820460487,0
0.439677107352613,0.829398080161492,0
0.661442352766843,0.713612198696291,0
0.870729634478097,0.488749505713931,0
0.17233163778313,0.98785862838284,0
0.821047864305343,0.0671869367673932,0
0.846383497047417,0.471188820652286,0
0.053474563664512,0.86497150308684,0
0.235336701960925,0.453782563774745,0
0.930329905324769,0.106858464007666,0
0.646840080920067,0.222881679992602,0
0.684303639309622,0.745632647418246,0
0.100131729664342,0.531894876869346,0
0.113967442938111,0.628674374720396,0
0.989717945451717,0.362811566965101,0
0.906236818016617,0.406212423651578,0
0.4452609892214,0.870796684115565,0
0.865168726940252,0.317009056134619,0
0.537916532036809,0.824160589288995,0
0.880104548241992,0.297844676439578,0
0.679872220233023,0.291759916251414,0
0.540379281407399,0.988936463365767,0
0.316571707053376,0.985678651829101,0
0.603885134963265,0.810945093078048,0
0.0347154778590032,0.313820274227215,0
0.0898385788732388,0.0878129033780717,0
0.840326527524892,0.946809666672167,0
0.168037271671015,0.967829439774076,0
0.0967611871179013,0.347832347428348,0
0.105647404261701,0.914654779673859,0
0.640135228466306,0.130179905858906,0
0.501354820794126,0.917694843335866,0
0.971907882938119,0.0184364472601732,0
0.618381702629096,0.976616923686404,0
0.153486586247332,0.618815154125362,0
0.287985257007175,0.678037869594078,0
0.467074981176795,0.936409029614371,0
0.548168472269628,0.109603314711528,0
0.0823092819574798,0.192192842807711,0
0.461459005932072,0.128402835283616,0
0.0409371936884416,0.600783346500612,0
0.162449315265962,0.632869690951365,0
0.135949288558191,0.862085760506841,0
0.724462558387063,0.625170693092593,0
0.58383216596387,0.874577238631704,0
0.95514132639167,0.156048359887697,0
0.0479802899286059,0.265594286036489,0
0.612115192046443,0.0590382386273883,0
0.327172173339488,0.288605582569076,0
0.280964442659619,0.827361449053214,0
0.240833596438558,0.897694765542492,0
0.0573590803227197,0.285658619499606,0
0.628707745405244,0.265657534946528,0
0.752716828488147,0.835173287817823,0
0.401237321273069,0.747463563339535,0
0.104713681668375,0.896498325232649,0
0.365994383751412,0.0528690340243601,0
0.100480785174519,0.0240043522901853,0
0.0792321847189368,0.697796866156998,0
0.170783697707012,0.604713699596335,0
0.738801570021921,0.284296773506467,0
0.562198418920021,0.21021778937905,0
0.16674920132698,0.413427047623986,0
0.262878499116226,0.845471501278445,0
0.232032679595068,0.698044897382169,0
0.683396602367701,0.120763370823471,0
0.0927548809408931,0.427813743906009,0
0.812191876961008,0.518167035429816,0
0.203914887832438,0.838732637389904,0
0.395380256415988,0.135739395923791,0
0.653167546099595,0.194208089818344,0
0.589412093902664,0.263079073868263,0
0.734359287067484,0.629685805472399,0
0.94811272385908,0.461009694012352,0
0.427318397642727,0.796927124167293,0
0.215205278347808,0.0768207372523941,0
0.0138725186762738,0.865839871049784,0
0.131954436251872,0.215341778106681,0
0.249919168767482,0.36607414966732,0
0.00534923328335827,0.215023348208062,0
0.25990777195427,0.923470647038645,0
0.940434658406505,0.359662145078025,0
0.152102738689679,0.399903995171145,0
0.430344079821531,0.182502023960697,0
0.863518773048892,0.186265537136358,0
0.365255197214547,0.484844488783201,0
0.792519607950244,0.128363299708983,0
0.780569135574889,0.294996004223356,0
0.307659005423849,0.720759760458376,0
0.861913413210732,0.837966968695618,0
0.121837774814031,0.428040873458628,0
0.885834231453871,0.14707091178143,0
0.922182791364464,0.414380235790452,0
0.630908950060098,0.900687322905607,0
0.0890762326722388,0.223558307263794,0
0.558624100665852,0.0617964002591541,0
0.907674187751335,0.697890883170949,0
0.161666741669954,0.832363306000998,0
0.67695716986291,0.835695992147408,0
0.759355919323562,0.145567440029964,0
0.114870453306879,0.100561915943661,0
0.964607950749159,0.0279446859042834,0
0.23046197240728,0.758629139866042,0
0.877449721506541,0.0814143554686635,0
0.754507385545646,0.851066327584473,0
0.8191411801703,0.918033271989801,0
0.965775259754516,0.689914586809424,0
0.173972891258995,0.481276344732044,0
0.788968277065534,0.0385292335592812,0
0.98345380974163,0.712107220996221,0
0.654260644062544,0.892659058744395,0
0.551931134682117,0.781156272059845,0
0.215855931032382,0.429210917758388,0
0.763216520083703,0.75607379095446,0
0.723764429205919,0.251200555940718,0
0.664547373384492,0.265161721624975,0
0.0376485511835891,0.857715560988391,0
0.592839314412716,0.0264062285546242,0
0.8851544944966,0.373264610941179,0
0.914459826850547,0.106791442775536,0
0.537901398976288,0.198599408473167,0
0.676006109768528,0.718437814953941,0
0.182333496484129,0.146388254662225,0
0.788768540038154,0.546382585329182,0
0.623459188092248,0.901265402278521,0
0.296551068451512,0.311439109645523,0
0.389368818322834,0.921344176829487,0
0.839191234595697,0.904654245313562,0
0.0625766082958209,0.993670600929144,0
0.0019311583609931,0.854558267097249,0
0.526706054120653,0.858070116424034,0
0.940608255071849,0.336742114898163,0
0.047570442803004,0.626245143649283,0
0.893767621318701,0.239732879325623,0
0.100207649683677,0.744692704987103,0
0.941331915064404,0.109840748417117,0
0.622672920405247,0.877720232530367,0
0.202204890643342,0.493882932930199,0
0.167353692076799,0.285956288821044,0
0.806737246367492,0.630936107892048,0
0.123704112192478,0.967779916230487,0
0.0211134692752331,0.723166489379092,0
0.617858877693237,0.770118238297346,0
0.160236510057112,0.398273223265201,0
0.960477083437367,0.677984837758348,0
0.00780520076295603,0.606906770079819,0
0.0785159664594177,0.453338789499057,0
0.135463198709983,0.390443923599293,0
0.478419961630562,0.928757051438446,0
0.377739381686663,0.806545825119384,0
0.189870866103969,0.104350613944396,0
0.89150309604197,0.702349853097624,0
0.641046055891107,0.148297162795578,0
0.288091994024856,0.216668979831351,0
0.342394053629783,0.043282193617561,0
0.276829463092997,0.286615397914599,0
0.929359781057276,0.28030297080069,0
0.387609487579954,0.231635001130232,0
0.864263488847885,0.941589996657143,0
0.650123734795546,0.291673049932194,0
0.0815665810748779,0.328837507557514,0
0.823939622297855,0.0435828371176416,0
0.185071141079567,0.200420313142436,0
0.748018938930714,0.268634172747207,0
0.67760018244274,0.804589814415476,0
0.864501334663714,0.836042328195666,0
0.915669773666034,0.0327250273119309,0
0.257260461457661,0.677883073071895,0
0.904841450464372,0.126138554013399,0
0.488962250058056,0.856741510730582,0
0.119053390398181,0.701681459183656,0
0.254853454537156,0.132587383562972,0
0.989488729270868,0.872743901737381,0
0.814473126928542,0.022355450793335,0
0.817429128017942,0.959546586945442,0
0.977508910455512,0.117460498175333,0
0.100074264733155,0.33251741497429,0
0.268098667388828,0.0173764741129132,0
0.58213719845849,0.212421823391887,0
0.519375269077427,0.85609971259539,0
0.596939637603676,0.121121056434289,0
0.976711644780222,0.181862138296413,0
0.675999068038538,0.777770575032463,0
0.196201911287476,0.798297852183831,0
0.456791689832132,0.208173064146271,0
0.911693126387751,0.230745120547128,0
0.927192725672942,0.782476022738254,0
0.467044928328621,0.882738130112522,0
0.552461995069153,0.796127780245677,0
0.222996443148235,0.425210672163037,0
0.565116775019614,0.131277981275356,0
0.242479654141925,0.865999484372325,0
0.708973253941617,0.496571952708332,0
0.847833008434546,0.115291185730738,0
0.988029802212505,0.163355633692516,0
0.80123161748109,0.248975442372717,0
0.559992590248581,0.160557843353859,0
0.876149729767884,0.270918892822656,0
0.658311813910637,0.0600054483208831,0
0.786270365019455,0.649468993139206,0
0.781006628079809,0.248728334553879,0
0.953290695768451,0.79193139811602,0
0.404000668508932,0.86305055574656,0
0.300318751158341,0.912122916389314,0
0.234738321618521,0.546119121623281,0
0.942049382693157,0.236245246248434,0
0.0148533079842354,0.583774678680941,0
0.147007932954937,0.775843103311883,0
0.868738947840752,0.958646251800771,0
0.321602872256936,0.00340992491851092,0
0.797176169137087,0.46392270618301,0
0.122641388383993,0.634633349550252,0
0.714636392292863,0.733155500485169,0
0.204169949146067,0.355512735599425,0
0.822844591374902,0.0663375570747711,0
0.170123259150481,0.617981588290064,0
0.261503933585018,0.17068571279323,0
0.810807034750845,0.801396686956937,0
0.192032160326853,0.608231057230491,0
0.0178818372161509,0.285476550127136,0
0.94073320596513,0.245105300212794,0
0.527709752566977,0.919103852435529,0
0.924858978914497,0.433695222453072,0
0.773522162704506,0.0453656451056551,0
0.946222155329875,0.420145571427488,0
0.968969439607565,0.385439120412543,0
0.38698190980916,0.234125568174816,0
0.0342622143375977,0.637023781722888,0
0.492644559821414,0.767015847268987,0
0.219013684065553,0.224818333622449,0
0.221687280210521,0.218507371013289,0
0.736297598451515,0.0769481486999188,0
0.883057892268085,0.345387203779718,0
0.350870626676302,0.810067329467306,0
0.073329735581451,0.436303812747963,0
0.0587703716283526,0.21290617166688,0
0.702400490503013,0.721147308461902,0
