SNo,r,y
0,50,330.877200360026
1,51,338.877200360026
2,52,344.534054609519
3,53,350.190908859011
4,54,358.190908859011
5,55,363.847763108504
6,56,371.847763108504
7,57,377.504617357996
8,58,385.504617357996
9,59,391.161471607488
10,60,396.818325856981
11,61,404.818325856981
12,62,410.475180106473
13,63,418.475180106473
14,64,424.132034355966
15,65,429.788888605458
16,66,437.788888605458
17,67,443.445742854951
18,68,451.445742854951
19,69,457.102597104443
20,70,462.759451353935
21,71,470.759451353936
22,72,476.416305603428
23,73,484.416305603428
24,74,490.07315985292
25,75,498.07315985292
26,76,503.730014102413
27,77,509.386868351905
28,78,517.386868351905
29,79,523.043722601398
30,80,531.043722601398
31,81,536.70057685089
32,82,542.357431100383
33,83,550.357431100382
34,84,556.014285349875
35,85,564.014285349875
36,86,569.671139599367
37,87,577.671139599367
38,88,583.32799384886
39,89,588.984848098352
40,90,596.984848098352
41,91,602.641702347845
42,92,610.641702347845
43,93,616.298556597337
44,94,621.95541084683
45,95,629.95541084683
46,96,635.612265096322
47,97,643.612265096322
48,98,649.269119345814
49,99,657.269119345814
50,100,662.925973595307
51,101,668.582827844799
52,102,676.582827844799
53,103,682.239682094292
54,104,690.239682094292
55,105,695.896536343784
56,106,701.553390593277
57,107,709.553390593277
58,108,715.210244842769
59,109,723.210244842769
60,110,728.867099092261
61,111,734.523953341754
62,112,742.523953341754
63,113,748.180807591246
64,114,756.180807591246
65,115,761.837661840739
66,116,769.837661840739
67,117,775.494516090231
68,118,781.151370339723
69,119,789.151370339723
70,120,794.808224589216
71,121,802.808224589216
72,122,808.465078838708
73,123,814.121933088201
74,124,822.121933088201
75,125,827.778787337693
76,126,835.778787337693
77,127,841.435641587186
78,128,849.435641587186
79,129,855.092495836678
80,130,860.74935008617
81,131,868.74935008617
82,132,874.406204335663
83,133,882.406204335663
84,134,888.063058585155
85,135,893.719912834648
86,136,901.719912834648
87,137,907.37676708414
88,138,915.37676708414
89,139,921.033621333633
90,140,926.690475583125
91,141,934.690475583125
92,142,940.347329832617
93,143,948.347329832617
94,144,954.00418408211
95,145,962.00418408211
96,146,967.661038331602
97,147,973.317892581095
98,148,981.317892581095
99,149,986.974746830587
100,150,994.974746830587
101,151,1000.63160108008
102,152,1006.28845532957
103,153,1014.28845532957
104,154,1019.94530957906
105,155,1027.94530957906
106,156,1033.60216382856
107,157,1041.60216382856
108,158,1047.25901807805
109,159,1052.91587232754
110,160,1060.91587232754
111,161,1066.57272657703
112,162,1074.57272657703
113,163,1080.22958082653
114,164,1085.88643507602
115,165,1093.88643507602
116,166,1099.54328932551
117,167,1107.54328932551
118,168,1113.200143575
119,169,1121.200143575
120,170,1126.85699782449
121,171,1132.51385207399
122,172,1140.51385207398
123,173,1146.17070632348
124,174,1154.17070632348
125,175,1159.82756057297
126,176,1165.48441482246
127,177,1173.48441482246
128,178,1179.14126907195
129,179,1187.14126907195
130,180,1192.79812332144
131,181,1198.45497757093
132,182,1206.45497757093
133,183,1212.11183182043
134,184,1220.11183182043
135,185,1225.76868606992
136,186,1233.76868606992
137,187,1239.42554031941
138,188,1245.0823945689
139,189,1253.0823945689
140,190,1258.73924881839
141,191,1266.73924881839
142,192,1272.39610306788
143,193,1278.05295731737
144,194,1286.05295731737
145,195,1291.70981156686
146,196,1299.70981156686
147,197,1305.36666581636
148,198,1313.36666581635
149,199,1319.02352006585
150,200,1324.68037431534
151,201,1332.68037431534
152,202,1338.33722856483
153,203,1346.33722856483
154,204,1351.99408281432
155,205,1357.65093706381
156,206,1365.65093706381
157,207,1371.3077913133
158,208,1379.3077913133
159,209,1384.96464556279
160,210,1390.62149981228
161,211,1398.62149981228
162,212,1404.27835406177
163,213,1412.27835406177
164,214,1417.93520831126
165,215,1425.93520831126
166,216,1431.59206256076
167,217,1437.24891681025
168,218,1445.24891681025
169,219,1450.90577105974
170,220,1458.90577105974
171,221,1464.56262530923
172,222,1470.21947955872
173,223,1478.21947955872
174,224,1483.87633380821
175,225,1491.87633380821
176,226,1497.5331880577
177,227,1505.5331880577
178,228,1511.19004230719
179,229,1516.84689655669
180,230,1524.84689655668
181,231,1530.50375080618
182,232,1538.50375080618
183,233,1544.16060505567
184,234,1549.81745930516
185,235,1557.81745930516
186,236,1563.47431355465
187,237,1571.47431355465
188,238,1577.13116780414
189,239,1582.78802205363
190,240,1590.78802205363
191,241,1596.44487630312
192,242,1604.44487630312
193,243,1610.10173055262
194,244,1618.10173055262
195,245,1623.75858480211
196,246,1629.4154390516
197,247,1637.4154390516
198,248,1643.07229330109
199,249,1651.07229330109
200,250,1656.72914755058
201,251,1662.38600180007
202,252,1670.38600180007
203,253,1676.04285604956
204,254,1684.04285604956
205,255,1689.69971029906
206,256,1697.69971029906
207,257,1703.35656454855
208,258,1709.01341879804
209,259,1717.01341879804
210,260,1722.67027304753
211,261,1730.67027304753
212,262,1736.32712729702
213,263,1741.98398154651
214,264,1749.98398154651
215,265,1755.64083579601
216,266,1763.64083579601
217,267,1769.2976900455
218,268,1777.2976900455
219,269,1782.95454429499
220,270,1788.61139854448
221,271,1796.61139854448
222,272,1802.26825279397
223,273,1810.26825279397
224,274,1815.92510704346
225,275,1821.58196129296
226,276,1829.58196129296
227,277,1835.23881554245
228,278,1843.23881554245
229,279,1848.89566979194
230,280,1854.55252404143
231,281,1862.55252404143
232,282,1868.20937829092
233,283,1876.20937829092
234,284,1881.86623254041
235,285,1889.86623254041
236,286,1895.52308678991
237,287,1901.1799410394
238,288,1909.1799410394
239,289,1914.83679528889
240,290,1922.83679528889
241,291,1928.49364953838
242,292,1934.15050378787
243,293,1942.15050378787
244,294,1947.80735803737
245,295,1955.80735803737
246,296,1961.46421228686
247,297,1969.46421228686
248,298,1975.12106653635
249,299,1980.77792078584
250,300,1988.77792078584
251,301,1994.43477503533
252,302,2002.43477503533
253,303,2008.09162928482
254,304,2013.74848353432
255,305,2021.74848353432
256,306,2027.40533778381
257,307,2035.40533778381
258,308,2041.0621920333
259,309,2046.71904628279
260,310,2054.71904628279
261,311,2060.37590053228
262,312,2068.37590053228
263,313,2074.03275478178
264,314,2082.03275478178
265,315,2087.68960903127
266,316,2093.34646328076
267,317,2101.34646328076
268,318,2107.00331753025
269,319,2115.00331753025
270,320,2120.66017177975
271,321,2126.31702602924
272,322,2134.31702602924
273,323,2139.97388027873
274,324,2147.97388027873
275,325,2153.63073452822
276,326,2161.63073452822
277,327,2167.28758877772
278,328,2172.94444302721
279,329,2180.94444302721
280,330,2186.6012972767
281,331,2194.6012972767
282,332,2200.25815152619
283,333,2205.91500577569
284,334,2213.91500577569
285,335,2219.57186002518
286,336,2227.57186002518
287,337,2233.22871427467
288,338,2241.22871427467
289,339,2246.88556852417
290,340,2252.54242277366
291,341,2260.54242277366
292,342,2266.19927702315
293,343,2274.19927702315
294,344,2279.85613127265
295,345,2285.51298552214
296,346,2293.51298552214
297,347,2299.16983977163
298,348,2307.16983977163
299,349,2312.82669402113
300,350,2318.48354827062
301,351,2326.48354827062
302,352,2332.14040252011
303,353,2340.14040252011
304,354,2345.79725676961
305,355,2353.79725676961
306,356,2359.4541110191
307,357,2365.11096526859
308,358,2373.11096526859
309,359,2378.76781951809
310,360,2386.76781951809
311,361,2392.42467376758
312,362,2398.08152801707
313,363,2406.08152801707
314,364,2411.73838226657
315,365,2419.73838226657
316,366,2425.39523651606
317,367,2433.39523651606
318,368,2439.05209076556
319,369,2444.70894501505
320,370,2452.70894501505
321,371,2458.36579926454
322,372,2466.36579926454
323,373,2472.02265351404
324,374,2477.67950776353
325,375,2485.67950776353
326,376,2491.33636201302
327,377,2499.33636201303
328,378,2504.99321626252
329,379,2510.65007051201
330,380,2518.65007051201
331,381,2524.30692476151
332,382,2532.30692476151
333,383,2537.963779011
334,384,2545.963779011
335,385,2551.6206332605
336,386,2557.27748750999
337,387,2565.27748750999
338,388,2570.93434175948
339,389,2578.93434175949
340,390,2584.59119600898
341,391,2590.24805025847
342,392,2598.24805025847
343,393,2603.90490450797
344,394,2611.90490450797
345,395,2617.56175875746
346,396,2625.56175875746
347,397,2631.21861300696
348,398,2636.87546725645
349,399,2644.87546725645
350,400,2650.53232150594
351,401,2658.53232150595
352,402,2664.18917575544
353,403,2669.84603000493
354,404,2677.84603000493
355,405,2683.50288425443
356,406,2691.50288425443
357,407,2697.15973850392
358,408,2702.81659275342
359,409,2710.81659275342
360,410,2716.47344700291
361,411,2724.47344700291
362,412,2730.13030125241
363,413,2738.13030125241
364,414,2743.7871555019
365,415,2749.4440097514
366,416,2757.4440097514
367,417,2763.10086400089
368,418,2771.10086400089
369,419,2776.75771825039
370,420,2782.41457249988
371,421,2790.41457249988
372,422,2796.07142674937
373,423,2804.07142674938
374,424,2809.72828099887
375,425,2817.72828099887
376,426,2823.38513524836
377,427,2829.04198949786
378,428,2837.04198949786
379,429,2842.69884374735
380,430,2850.69884374735
381,431,2856.35569799685
382,432,2862.01255224634
383,433,2870.01255224634
384,434,2875.66940649584
385,435,2883.66940649584
386,436,2889.32626074533
387,437,2897.32626074533
388,438,2902.98311499482
389,439,2908.63996924432
390,440,2916.63996924432
391,441,2922.29682349381
392,442,2930.29682349381
393,443,2935.95367774331
394,444,2941.6105319928
395,445,2949.6105319928
396,446,2955.26738624229
397,447,2963.2673862423
398,448,2968.92424049179
399,449,2974.58109474128
400,450,2982.58109474128
401,451,2988.23794899078
402,452,2996.23794899078
403,453,3001.89480324027
404,454,3009.89480324027
405,455,3015.55165748976
406,456,3021.20851173926
407,457,3029.20851173926
408,458,3034.86536598875
409,459,3042.86536598875
410,460,3048.52222023825
411,461,3054.17907448774
412,462,3062.17907448774
413,463,3067.83592873723
414,464,3075.83592873723
415,465,3081.49278298673
416,466,3089.49278298673
417,467,3095.14963723622
418,468,3100.80649148571
419,469,3108.80649148571
420,470,3114.46334573521
421,471,3122.46334573521
422,472,3128.1201999847
423,473,3133.7770542342
424,474,3141.7770542342
425,475,3147.43390848369
426,476,3155.43390848369
427,477,3161.09076273318
428,478,3166.74761698268
429,479,3174.74761698268
430,480,3180.40447123217
431,481,3188.40447123217
432,482,3194.06132548166
433,483,3202.06132548166
434,484,3207.71817973116
435,485,3213.37503398065
436,486,3221.37503398065
437,487,3227.03188823014
438,488,3235.03188823014
439,489,3240.68874247964
440,490,3246.34559672913
441,491,3254.34559672913
442,492,3260.00245097862
443,493,3268.00245097862
444,494,3273.65930522812
445,495,3281.65930522812
446,496,3287.31615947761
447,497,3292.9730137271
448,498,3300.9730137271
449,499,3306.6298679766
450,500,3136.97301372709
