x,y,t
0.568018855325886,0.278242701328473,1
0.425175789475989,0.638943946286544,1
0.518546320739457,0.310194068267101,1
0.289144065831389,0.537620799400667,1
0.435057510358774,0.459039802876785,1
0.389732070914345,0.487462243757892,1
0.482475057468971,0.68281092526522,1
0.472433668315613,0.691376337172173,1
0.362380122468984,0.537681680423059,1
0.34310432539466,0.551713728602842,1
0.493067012863731,0.564123746736033,1
0.404982243387486,0.706286991809628,1
0.388639171323105,0.673846946877356,1
0.737164419953322,0.501909806161146,1
0.390342606413338,0.639974515717465,1
0.483240438384582,0.629687025039311,1
0.402676969488467,0.475595443265324,1
0.331854265337742,0.66396608281134,1
0.581175028151448,0.44928901803181,1
0.399772217683388,0.393961511270125,1
0.459316228730286,0.299899634113489,1
0.546019595370637,0.736584210180018,1
0.619651682963433,0.436194866167472,1
0.504759760342892,0.502329841490057,1
0.464403282601574,0.717346631790207,1
0.278508349451473,0.454156785949206,1
0.46294758490424,0.579590411661002,1
0.561499993578298,0.318487430605333,1
0.584329373940979,0.294249503078987,1
0.451934107324078,0.627481914417577,1
0.5144278209258,0.291181094148746,1
0.566550952180545,0.724346540739921,1
0.629563283468393,0.547627100044688,1
0.610928423987203,0.349004453676289,1
0.651453486015766,0.650737782311969,1
0.439081662538965,0.374640186957382,1
0.364183165302585,0.624376588326123,1
0.581293878881863,0.720067236907811,1
0.323359038365706,0.611363323224412,1
0.691699497723812,0.607681432090551,1
0.405223160239506,0.624492455099007,1
0.537904592481397,0.446189839600674,1
0.66635589425748,0.668919595269915,1
0.618028401219299,0.714825937857305,1
0.59269241178068,0.42144803536192,1
0.456494008869163,0.491808529240921,1
0.731771494137017,0.480478470903113,1
0.502676445293555,0.573397441568504,1
0.38804395514915,0.37694414769157,1
0.333652740499774,0.323367979993749,1
0.465082770895717,0.460453431802082,1
0.635241387242098,0.294778646107194,1
0.488779916189974,0.359936402346909,1
0.558714911601839,0.665701926064539,1
0.653945478915211,0.64338061569416,1
0.296677371159511,0.521023411546379,1
0.679468304700902,0.409599334657937,1
0.612754260009506,0.320233297683407,1
0.547322828111855,0.375019808940133,1
0.617582495146237,0.296354877434836,1
0.59201172021777,0.592753218762927,1
0.566689214933053,0.306530714643435,1
0.458892101635641,0.545799768318329,1
0.594931619984532,0.427858849720964,1
0.418055901032899,0.625934386917359,1
0.617738363155042,0.644479352349639,1
0.67752110291157,0.487356350984125,1
0.349922292097435,0.682769861390241,1
0.701766074496212,0.475855725107647,1
0.345009595316374,0.62851220258908,1
0.553247677419916,0.271015667482752,1
0.560941543691299,0.319417305905101,1
0.479237561337295,0.574504702153851,1
0.446306777860181,0.500341134844507,1
0.430102739217739,0.6677270423005,1
0.571842594804169,0.315531045811032,1
0.640475414060278,0.312974237051315,1
0.400328146945838,0.402078400553241,1
0.714968043246757,0.452400065703504,1
0.532258151812599,0.699221081891666,1
0.370229165707822,0.330651501813276,1
0.676422938088152,0.368579569909992,1
0.391000364623498,0.610264272713225,1
0.444445517586752,0.418427184418974,1
0.478045122920557,0.517992661110122,1
0.437669218255984,0.603365225067067,1
0.541161794467439,0.401698150859074,1
0.645680070224069,0.670742010078738,1
0.645099014809867,0.508309693312417,1
0.327923534125054,0.463053487922556,1
0.581091376292096,0.528165313661175,1
0.504829440500973,0.32300387803605,1
0.389557275171185,0.617781223551268,1
0.419744871752218,0.644714914562514,1
0.547447455836203,0.346095199392222,1
0.368517575025799,0.648658929694751,1
0.336024089407187,0.393727784694046,1
0.697700782072591,0.596250472867978,1
0.336733366985216,0.540857060598609,1
0.293220939251231,0.442791547832448,1
0.711577390651953,0.451247725845896,1
0.453790181527748,0.335226731065301,1
0.412115186644772,0.294038647457044,1
0.647569932345101,0.302582528583045,1
0.471723019830754,0.305730594930114,1
0.694751097212895,0.433268977996553,1
0.659639328559693,0.675750232616323,1
0.56159076679572,0.635696349030219,1
0.584730879210276,0.410330990986121,1
0.463840634778068,0.496140809029406,1
0.404117701763342,0.410651599713905,1
0.396271757500373,0.678515937960947,1
0.459674537395907,0.545311664019391,1
0.562346128077407,0.453033479607214,1
0.567634958106854,0.27109785297471,1
0.582140425956873,0.71450374448416,1
0.60655003208972,0.382892960395148,1
0.497062833279866,0.372540262701241,1
0.447642456017268,0.31553910314829,1
0.644354575613679,0.615833414539617,1
0.385909099311526,0.424845413968361,1
0.435386949887214,0.36942250345341,1
0.694292993142406,0.630117067894953,1
0.612333767866871,0.456750235267333,1
0.35399933641497,0.620281920125839,1
0.348965117870348,0.420947647849539,1
0.382760397802461,0.487296595465064,1
0.506092258964708,0.309921060367451,1
0.324340662138695,0.627574365412618,1
0.713156038296016,0.451716995542737,1
0.525430887250896,0.407245719994998,1
0.289935735189326,0.414320191095732,1
0.639016917738606,0.647411847322905,1
0.507716364463659,0.59908356079789,1
0.554835170765796,0.400479821209088,1
0.687417461391267,0.525668483472275,1
0.443433236071576,0.463569245517053,1
0.412384089740172,0.415675496876089,1
0.558904906995085,0.257250433907495,1
0.479174746889237,0.467164956716432,1
0.26021636475819,0.506004851081411,1
0.276939790824866,0.536927191790625,1
0.580474831899849,0.620548322620126,1
0.58050942960219,0.513313130714611,1
0.744487279907096,0.482964950838576,1
0.568990745846643,0.572390215272266,1
0.515802498681379,0.574083204182835,1
0.583840998627171,0.446906214788047,1
0.458810889375774,0.744152468975704,1
0.536978094157287,0.641403876078038,1
0.608352117058054,0.354030756444685,1
0.370342048988837,0.381270189481448,1
0.695499125260627,0.543644716750665,1
0.725258325098668,0.472294706605512,1
0.42135653245326,0.618114338544251,1
0.478488205689233,0.308024675263103,1
0.472739042934374,0.44810679994901,1
0.305528134249862,0.567612439192651,1
0.640706621874453,0.357203704005668,1
0.353041580111273,0.446213062129083,1
0.412580127088623,0.392952379487898,1
0.406371626260863,0.277490512131476,1
0.692660066156024,0.360553604252894,1
0.402127963212378,0.687513194367063,1
0.633725794792979,0.503948117841011,1
0.708589393509826,0.392448002655268,1
0.322856919058998,0.379287177407782,1
0.579070604210287,0.321737117749516,1
0.361933692526973,0.337802478269582,1
0.253981423682525,0.536017845634379,1
0.438108381087942,0.423684368107321,1
0.682668872495493,0.389821194293826,1
0.460092586213766,0.550724779046478,1
0.542760448783059,0.37403861404119,1
0.671198325544222,0.4510493867337,1
0.578331960634483,0.325653243961583,1
0.464469670068691,0.723391604480982,1
0.547446969685819,0.560280422940981,1
0.477670717741209,0.599775074794784,1
0.732744188389156,0.536438805766608,1
0.412872674601559,0.359964502211644,1
0.409324064110091,0.376539729245258,1
0.634209258311526,0.668994926693381,1
0.589478950290698,0.611015361086938,1
0.448386965528311,0.370804878124411,1
0.396271917687856,0.352856724221658,1
0.624226670537249,0.291394236633272,1
0.378032155976646,0.541909683748106,1
0.537236430466751,0.450206426647588,1
0.566328218004819,0.544574036050855,1
0.434382130594171,0.313654689729984,1
0.617269498117859,0.353289787356411,1
0.54879634573534,0.737723550171463,1
0.25847518642362,0.503776238068834,1
0.382606173112339,0.289542157803449,1
0.580929686585874,0.635751786937822,1
0.578159165837876,0.485708000364577,1
0.401559770759921,0.550068754958952,1
0.404217098562148,0.714708170255045,1
0.517537586631969,0.485390965121515,1
0.530813378063409,0.703174946225795,1
0.384803814992683,0.466782844377115,1
0.630187908480963,0.43269677247512,1
0.720992272589818,0.485161429962684,1
0.551963739354147,0.394545867757195,1
0.344444488801269,0.311634252924302,1
0.535762868605444,0.387132571724771,1
0.457432798322957,0.325621361064548,1
0.693445300074967,0.450162931555027,1
0.576392109774236,0.513799491577688,1
0.58705288571634,0.398455047699835,1
0.459207458635423,0.261473446274862,1
0.481491855569879,0.713968074281685,1
0.421671068026531,0.295997935950755,1
0.324944372440197,0.584770138182105,1
0.583327467824951,0.363294068893089,1
0.692960107090399,0.420394860869457,1
0.404449023960367,0.567585169136331,1
0.716164701020422,0.458943099928528,1
0.673366482683162,0.385581989486507,1
0.295365706223699,0.489219967038007,1
0.618255480946161,0.675808741560117,1
0.411628890508613,0.60848248033248,1
0.532862006934761,0.675268908345731,1
0.288875331771036,0.584162598282175,1
0.29288076110784,0.374182993720371,1
0.631259456105185,0.641515066214611,1
0.391648767232731,0.293501335332869,1
0.48904228233222,0.4599580711033,1
0.41227639765119,0.700546142505736,1
0.376100158959674,0.495958873767387,1
0.542896009768777,0.690704035894342,1
0.628764860624804,0.361933204513943,1
0.476349651104002,0.282364361585288,1
0.43316183911318,0.537691274908228,1
0.47803538082076,0.569492153157244,1
0.593603672270479,0.318856772649501,1
0.371860238896618,0.634860401337436,1
0.49059377447264,0.265253264114844,1
0.433146466702757,0.554818766449959,1
0.392386557717056,0.704419618334817,1
0.592626116048836,0.405406492485388,1
0.688780250814175,0.360549572091806,1
0.628005103034901,0.611312170331977,1
0.467393747748525,0.657175021552097,1
0.408312150467333,0.673996317979878,1
0.602273345274047,0.28689260514774,1
0.538548209489578,0.70340506159859,1
0.399448478314769,0.498867155750686,1
0.625288942654286,0.611252459516401,1
0.414176013047889,0.593201299474203,1
0.49475687346177,0.538580631156722,1
0.495895270023446,0.446504419411767,1
0.540341187520112,0.741979581649406,1
0.651924433024565,0.543254732407282,1
0.699650530563505,0.416769440945596,1
0.503258401762349,0.584307714171851,1
0.655685815334174,0.541212511035247,1
0.575953822851159,0.48695652116414,1
0.569356845956928,0.529898295425763,1
0.694596135380955,0.37066718580698,1
0.416731945898725,0.567746330782653,1
0.632048151284479,0.48729299171236,1
0.647287673152651,0.652454534383702,1
0.455287430181768,0.715641569679436,1
0.312832127936572,0.478019596300097,1
0.440817161202811,0.714374069922778,1
0.498804189497048,0.312881185818874,1
0.444757612163554,0.292564174296597,1
0.717529943546993,0.504056072097298,1
0.495448188621294,0.32418061342285,1
0.907205203039201,0.443611452096892,0
0.932393399967064,0.0510471374965492,0
0.959875829033496,0.195186989007139,0
0.194996928421313,0.0460956320381237,0
0.0164045984933174,0.793736989048187,0
0.881412202902796,0.69754877113623,0
0.944316793672888,0.687561585888062,0
0.0143856341086261,0.157955320625545,0
0.787614050688042,0.636618647089516,0
0.203275381216442,0.670013076472102,0
0.706200177644473,0.178249376908992,0
0.929756108638717,0.574465252726555,0
0.138537046564062,0.405496457314816,0
0.439872853197098,0.764727569541301,0
0.0979182492466263,0.267195129425821,0
0.05977468614456,0.465693920601948,0
0.28801069887728,0.160021212492148,0
0.146128201459594,0.156851227933937,0
0.846644527207429,0.982606384895093,0
0.772562945155689,0.178483374499941,0
0.702474543220585,0.252506347025049,0
0.666440434598569,0.904997345015871,0
0.110477567701823,0.249989525997075,0
0.234647120924037,0.349039453709982,0
0.754699737650668,0.804775546679634,0
0.30116990176084,0.911413392942126,0
0.614255481219969,0.880996027905958,0
0.865258423083117,0.408877176423034,0
0.56969617799376,0.229159192754496,0
0.438673982600995,0.172341600140716,0
0.454487267161946,0.971006833469033,0
0.0743461475122469,0.657535740014881,0
0.857469171684919,0.560281567536426,0
0.162247717456076,0.685962184186076,0
0.345088157963514,0.176653063007003,0
0.226192982507028,0.842175080367445,0
0.307160189983975,0.171193365087357,0
0.277533188591494,0.635689989028354,0
0.0310505847591211,0.198700210637739,0
0.903965369753523,0.0737955873244422,0
0.600368849281393,0.197496131620135,0
0.127502512246139,0.84921325782743,0
0.594331960004909,0.239500925522065,0
0.0340335583472781,0.519331361408965,0
0.117395758217851,0.507945236986478,0
0.909810026134276,0.784080373022743,0
0.363641726488081,0.032311382252868,0
0.0993258739352812,0.224491740215799,0
0.814813147212757,0.60257813828186,0
0.869234111564809,0.835213653666532,0
0.791200159951672,0.361127495468188,0
0.7762117831857,0.842058949564611,0
0.064485203039127,0.0711217481042825,0
0.928923771683557,0.934434864639507,0
0.822074013213661,0.312580320198359,0
0.61444033897223,0.915090890561738,0
0.560847839601733,0.0996877360621876,0
0.841245864444061,0.410823174477938,0
0.0712466664012739,0.277705289087121,0
0.651607109537165,0.28376987682831,0
0.791270831502634,0.151443925291041,0
0.445338416120661,0.0745285959330055,0
0.181012605866889,0.28925543571322,0
0.751624142635439,0.931225464647275,0
0.539056328376316,0.115903309134721,0
0.272418338000969,0.750348109635687,0
0.65990021948698,0.864705685928793,0
0.840784477927156,0.36838903341833,0
0.0932457573214759,0.789437803341745,0
0.0153936548230209,0.299820121982982,0
0.149502345896094,0.271120434753187,0
0.82493591766103,0.257176471062552,0
0.870746883503509,0.395565470864794,0
0.924650832509925,0.0973416287905265,0
0.113947763626439,0.933175621988799,0
0.164234812447911,0.103706643964959,0
0.860858960478035,0.800125195551722,0
0.791555899098309,0.598651605937002,0
0.0165200345295109,0.719610596410749,0
0.27971865762012,0.209210625481424,0
0.897503596682802,0.722636444830632,0
0.0317479865773339,0.37710928329132,0
0.174612321040878,0.129780069519663,0
0.152497624583774,0.347324457646964,0
0.973068759764111,0.963529187703286,0
0.0859983126102008,0.170622458760916,0
0.825890886050598,0.197935590147011,0
0.435614523680701,0.217169297028877,0
0.905337757852551,0.00916461740115872,0
0.231429679892692,0.402553447709677,0
0.639250790997991,0.966182768329132,0
0.890367635474712,0.128791463155668,0
0.510641518752389,0.800927529950127,0
0.612015416199349,0.122577350643732,0
0.113757630863114,0.01484078495523,0
0.803079100234005,0.353215308558762,0
0.888786470465728,0.0509038218534104,0
0.36818600183734,0.0107062393849279,0
0.294302770073667,0.197274311071855,0
0.0560176200494252,0.275073079520405,0
0.927052110399609,0.427972403088572,0
0.849759055697247,0.882009736207318,0
0.779192486209419,0.275501497218153,0
0.583365524459335,0.817432461687099,0
0.846905507541683,0.358889747578134,0
0.152955582436619,0.20771443480985,0
0.763660998439258,0.631427838761093,0
0.585277485002427,0.807555404402109,0
0.619170835995661,0.83476675666625,0
0.17566556398555,0.852200557874609,0
0.275734485721092,0.0690933377803738,0
0.0177790131502687,0.684012939075014,0
0.446095023046292,0.873425299708464,0
0.367864109747049,0.961064990591754,0
0.556729284840044,0.0647498099434887,0
0.0465037613392359,0.638507813046923,0
0.782164242482821,0.293326442266501,0
0.0389647758747287,0.324557567166424,0
0.756923319658695,0.906180085570635,0
0.0836086338775273,0.714254869480736,0
0.468892368240697,0.756058416681391,0
0.949812782439316,0.0946073532545042,0
0.253848215683293,0.145603772786261,0
0.997051820157586,0.685997361636719,0
0.892580226013707,0.610031917043976,0
0.915192006582018,0.326527550502926,0
0.605081678184253,0.00680647604484413,0
0.652514932515339,0.0606149509831401,0
0.0829605409330505,0.603018399143134,0
0.038345418888305,0.792666450511974,0
0.617635534898208,0.768469201758722,0
0.773557928285356,0.492031622907162,0
0.866766893242843,0.499689758522292,0
0.00195769406946269,0.556692688519458,0
0.0377813540575008,0.0631129672113401,0
0.0722640939393379,0.285696185792655,0
0.00622017449057669,0.372925899165182,0
0.6190064054071,0.748112067462929,0
0.149974497104983,0.389188451408031,0
0.854475611753052,0.0429305010675129,0
0.629966193637795,0.966757048837262,0
0.0152065013606132,0.296128762092501,0
0.25101472635335,0.87981595512471,0
0.98299141972465,0.353786337819782,0
0.217482085440998,0.684601617364493,0
0.921576113869239,0.444550459480169,0
0.277634134645403,0.295654187582272,0
0.879576316978585,0.498823677887592,0
0.628585033877094,0.23431485436592,0
0.0881305537596953,0.0648840023506824,0
0.663219808909679,0.830814283728047,0
0.750665063853685,0.882853335180717,0
0.773044744400794,0.497918100328147,0
0.153534846917509,0.406903290379282,0
0.065427675873706,0.657025665350736,0
0.572629340725313,0.957946402466831,0
0.508437108950893,0.995937312951282,0
0.575042194023282,0.11824787832715,0
0.0207694396473325,0.941456809147008,0
0.0918605453762508,0.000572400167850964,0
0.0258452012323985,0.158911255262285,0
0.825522049714589,0.616519444909189,0
0.525098941533407,0.201471369341701,0
0.663043561700286,0.702981297719749,0
0.755653931645515,0.0974197220510895,0
0.864981571149538,0.743608785673794,0
0.809221887406531,0.981399953356665,0
0.885952248184919,0.897561339148116,0
0.785882335522157,0.0510495086438253,0
0.0370744858109739,0.341913768715185,0
0.939782583126697,0.185814789117228,0
0.149236691253836,0.417324196741602,0
0.813514016947483,0.83220729224021,0
0.384746459491899,0.0811566613061152,0
0.612000552756712,0.0695400340806414,0
0.500227352837207,0.978580827814797,0
0.033587392435217,0.442605585065952,0
0.814237609884812,0.746983960153062,0
0.209824903500185,0.738499282737495,0
0.873980648291288,0.616531798437485,0
0.173051094716904,0.185304441109907,0
0.341850539828581,0.0521044438016156,0
0.674304195993722,0.929463106174703,0
0.264558592003099,0.123100623080088,0
0.0441479319912139,0.116665471399513,0
0.600902664289299,0.0705116577774806,0
0.327017491835643,0.0712753096927308,0
0.14036977064813,0.642172678207128,0
0.116327513994802,0.342843865204064,0
0.402973532398685,0.794294337646241,0
0.35322477638406,0.0129294847198434,0
0.185707919851741,0.277550872078888,0
0.246620080548627,0.138573762559599,0
0.958542392104185,0.277587062342831,0
0.885484308416715,0.259709490118413,0
0.179061366794194,0.0409195469882896,0
0.294779563925592,0.0159159228279795,0
0.961522677895391,0.812147336458856,0
0.205555299392694,0.346096906972163,0
0.637571487872662,0.865642985732128,0
0.700078415079079,0.0777585078392916,0
0.855381648920189,0.115927772650462,0
0.661183331469625,0.11875884473266,0
0.508275940785313,0.931664061235107,0
0.486517465434278,0.988196815358567,0
0.233965572078696,0.652039375459794,0
0.673057114087537,0.13031217787895,0
0.789635409968735,0.611232917574808,0
0.238397062867133,0.935277544863186,0
0.11089199181222,0.320203050188815,0
0.115994983872396,0.346822264300111,0
0.816539326597256,0.0589144593379062,0
0.960717486664987,0.189059916971745,0
0.218524231677188,0.58553792936054,0
0.796499462703475,0.931446322208013,0
0.655010319154249,0.211337755066966,0
0.678904631956902,0.922685916033893,0
0.163796200958917,0.587642582872716,0
0.200698589068231,0.793597035945205,0
0.183748717039707,0.573818035225299,0
0.831032279800173,0.966772196333284,0
0.97216756361172,0.343474150329583,0
0.968457162831192,0.47788527956134,0
0.223997116658835,0.889948329371376,0
0.349402925627959,0.0728923920881433,0
0.702265740233597,0.19975629597891,0
0.840936771519918,0.714232614130821,0
0.768465752605566,0.35413145523245,0
0.163044536562192,0.0927794641315841,0
0.877215911577091,0.17245929323717,0
0.918969993907479,0.275575768330868,0
0.864514887735487,0.643020049968278,0
0.397239934838023,0.929060790654766,0
0.869602856631206,0.730589649980231,0
0.136719401989467,0.178556589958517,0
0.215122873529383,0.99463383620355,0
0.298579751652935,0.0869515398922151,0
0.138049395819218,0.689599942737073,0
0.773302923316743,0.793906974975908,0
0.759995372854171,0.184260942127677,0
0.883548125104768,0.978230168567146,0
0.980738138305367,0.590390531621124,0
0.165276787320746,0.739379312721723,0
0.940323725314962,0.908279426353182,0
0.736892802983938,0.973819480265407,0
0.740018510138625,0.652697923897159,0
0.142752093795106,0.115552994010762,0
0.756649766935338,0.878052272311436,0
0.756987714095501,0.488886709552671,0
0.0257372311436279,0.819022737824834,0
0.185614198998368,0.620625892477402,0
0.55448565611359,0.0699554081400649,0
0.217198166166059,0.0157484854644856,0
0.246785022898943,0.115010341217281,0
0.350973242125927,0.748315748175753,0
0.685973280428896,0.712365488387814,0
0.129967575487666,0.925803929532787,0
0.562838200741838,0.847656230371285,0
0.794789994971263,0.317326682767517,0
0.851114409440716,0.198878585453554,0
0.803696259299152,0.493549996751151,0
0.398839672747459,0.0552191594872713,0
0.903612173583178,0.0572626791229763,0
0.994224927385442,0.902783477633625,0
0.794138559510065,0.814963344398403,0
0.694655316273987,0.321316131540256,0
0.0187904513528526,0.765654320719491,0
0.586387235478678,0.0729584377598755,0
0.492555630157029,0.0208315942533461,0
0.719061689786176,0.639713377989695,0
0.774481289915033,0.567861330959881,0
0.0903980778951189,0.247021470333925,0
0.17230707275323,0.466109546118467,0
0.862994477554688,0.173921715083496,0
0.341185227661014,0.806077720972746,0
0.0327844484861868,0.76272133587055,0
0.47545100444716,0.927726873163007,0
0.386543572129003,0.77851929970948,0
0.27832204023298,0.732604282317964,0
0.735163257799653,0.158618308677626,0
0.582033854714611,0.763355403097046,0
0.139084365283644,0.600893898215561,0
0.0349035002453735,0.664272388287015,0
0.108334334617636,0.96858745811907,0
0.185923196461947,0.19763527586946,0
0.0494134784906234,0.325442269596012,0
0.683186500651383,0.81478587436247,0
0.200748111680498,0.473286603332165,0
0.752549859579909,0.511308672144687,0
0.386283136618455,0.829900884921616,0
0.0637123445345612,0.88688207738422,0
0.422847782458573,0.210426345565555,0
0.851674913359655,0.316745581718509,0
0.295438344262279,0.0883454378174364,0
0.799772483669115,0.542803352951446,0
0.982369332566098,0.88286239601805,0
0.779259634101419,0.789539868379729,0
0.947589164575371,0.0345216775473774,0
0.914768823848464,0.023605928767289,0
0.943458358265207,0.208212909851322,0
0.484904206118036,0.0801565251686408,0
0.749988843570458,0.978294469406034,0
0.160256692282975,0.142402708131076,0
0.555066440978584,0.131764158202225,0
0.716185479292732,0.0140400468437188,0
0.967117982901222,0.305404717710523,0
0.740747535480534,0.850244975113424,0
0.250315272831505,0.242688929775119,0
0.25367595034357,0.119088484495454,0
0.0803437494115642,0.211260190331964,0
0.958388793728495,0.861475569597201,0
0.910097721922257,0.501315850997956,0
0.543672039892372,0.242718989142552,0
0.79514071056393,0.760606365166887,0
0.463907571725504,0.842736543082975,0
0.910424246876698,0.772295169891927,0
0.907849207943235,0.748619674587911,0
0.447781663130867,0.821535311090544,0
0.396251060718787,0.245257239902977,0
0.358755016866492,0.707505481181436,0
0.565544159880627,0.93093759004536,0
0.00425877608557175,0.880317576639502,0
0.275302219798463,0.0523638623079117,0
0.81945153084558,0.107782106896761,0
0.319534321930043,0.928151865921985,0
0.732496631672837,0.747882739989032,0
0.415628788254982,0.967241280696933,0
0.897134214126102,0.989170537790829,0
0.734658316119881,0.744041261144002,0
0.337015451554682,0.266334141728624,0
0.880314550772456,0.274982265324789,0
0.827274199960415,0.561863607522968,0
0.217106897950688,0.522238237560838,0
0.0721919797697067,0.859458487415434,0
0.769025358263881,0.0208407435663234,0
0.426980662824111,0.0613907375658819,0
0.0776883410651648,0.239125122427533,0
0.107146071785663,0.0652512754617498,0
0.122354826946908,0.341705063051407,0
0.248145991120555,0.651413829834859,0
0.10991538786791,0.936491885658583,0
0.819794773971566,0.354807644316371,0
0.944596118267903,0.543438461396582,0
0.600517743081096,0.767558710075709,0
0.0628961623007879,0.0805385467040066,0
0.999445029999802,0.061215076158389,0
0.253840791645386,0.676699483616603,0
0.251348078367928,0.611411814862588,0
0.139550112718507,0.441292799749082,0
0.764082153217905,0.00647379085723022,0
0.800791649520766,0.0166557650159373,0
0.94378230857839,0.720091456417037,0
0.122762396988814,0.119716613143551,0
0.156544386947781,0.971797799212764,0
0.463365835353437,0.874762993247604,0
0.0730856629428853,0.702814201220318,0
0.163513487281051,0.0587717495201024,0
0.184033770665542,0.669001524648164,0
0.80810138807078,0.319988943785424,0
0.364036792593094,0.935665973432207,0
0.00159600749686174,0.289966262080691,0
0.91425578012795,0.917964576239681,0
0.590369217838333,0.981125083743187,0
0.907506509175294,0.785117603738381,0
0.308218680465696,0.915311565583251,0
0.560508941561221,0.0267212549348926,0
0.630155011373644,0.0125146722479326,0
0.428642678274141,0.804224027695239,0
0.141160223233122,0.413576152833913,0
0.429343958119556,0.167783530972797,0
0.915962886491773,0.497930968412166,0
0.188504204241794,0.498575662960566,0
0.320694183148767,0.681590857301648,0
0.357505726328821,0.25783247047003,0
0.0127376699879475,0.153707558360746,0
0.875644029525874,0.783712169054762,0
0.380107056992178,0.909715667790601,0
0.830295465341907,0.23572649538318,0
0.934521807327178,0.846562697946356,0
0.23833113593903,0.792137247413461,0
0.918733192569918,0.986404293210434,0
0.0091102188495501,0.790705597861999,0
0.0223946031287287,0.712345105927598,0
0.326358505676667,0.261260519391513,0
0.828405773652906,0.920538921337826,0
0.0176811479114374,0.590128495632731,0
0.501836998621857,0.859557019481229,0
0.170013756104751,0.778210384667949,0
0.835297985857026,0.935081982954909,0
0.959711477141693,0.845971266667345,0
0.466370670342059,0.1649313448765,0
0.936260702524456,0.0998752406332061,0
0.21918291282802,0.507766872415211,0
0.269952356941044,0.283040513881967,0
0.319627449530935,0.904864727475152,0
0.113922032580675,0.267279199914671,0
0.0330645106886814,0.0853964994127846,0
0.166390187184508,0.0124824689759326,0
0.702258249140465,0.983948878936446,0
0.572962351410166,0.762717157957478,0
0.158123900721839,0.291305669253369,0
0.861536276462272,0.29775953958638,0
0.994189875663347,0.427331348614456,0
0.0863297912694187,0.630060439291438,0
0.775553482945801,0.12784763804071,0
0.843585293667198,0.541050857184944,0
0.811249271878623,0.17646187132991,0
0.242592945342228,0.422317669923565,0
0.185961706650426,0.431548119257925,0
0.370428456166027,0.0308403726810777,0
0.338472607703168,0.763430910074818,0
0.900469939643736,0.360166272781867,0
0.703381626728634,0.0120747573729953,0
0.209939639181802,0.265524784226681,0
0.102294578264605,0.711092197667385,0
0.19878516402039,0.740448893392668,0
0.973352627816309,0.0985626811620606,0
0.930664436859388,0.176942235872588,0
0.820130505980985,0.493985736041323,0
0.797490558492714,0.827308291023275,0
0.309316158904376,0.174779786344049,0
0.0255580968342526,0.781157511650192,0
0.711404492012879,0.0672596539683918,0
0.250702170306212,0.848762113064882,0
0.929207200151499,0.729908474129582,0
0.750875997706724,0.787041650520191,0
0.109641077513639,0.851038672891929,0
0.21054635718956,0.548723066481167,0
0.965155434778498,0.693027137635754,0
0.892227345096053,0.918899989649141,0
0.802567931265835,0.414646594046916,0
0.345652929668153,0.211964272061346,0
0.233934467301673,0.353497195222181,0
0.766940011534346,0.545558424920569,0
0.365726320708974,0.746329418265414,0
0.870916593759748,0.0999137755017326,0
0.718456338959959,0.660998068126383,0
0.719278866760097,0.669563073511032,0
0.2250159551506,0.961504222807244,0
0.729945691176665,0.397565258386342,0
0.35788614692068,0.964943702316351,0
0.359865595754173,0.904913868710824,0
0.620671690730691,0.0507781845753911,0
0.171431573653329,0.0776384296257228,0
0.818418733225399,0.595504024343334,0
0.906143881802514,0.225547268160408,0
0.335280875365846,0.0401016972214457,0
0.619423894500092,0.151389301359369,0
0.688729619462383,0.200163587555365,0
0.414524138166813,0.886044518969042,0
0.510501279267716,0.924716159666291,0
0.777279526357204,0.937248596426681,0
0.203058323917472,0.697971385297352,0
0.963368023728657,0.65051125299675,0
0.0351786059491237,0.487373196281201,0
0.966195114406848,0.517929729781081,0
0.966681481789184,0.803779365403475,0
0.239529596287538,0.620931654526355,0
0.993878747333716,0.916402191816085,0
0.498089742613067,0.0249997284379786,0
0.929625491113228,0.248457391396378,0
0.86815693782091,0.283382491806234,0
0.401221717894646,0.147578014595238,0
0.690623111878812,0.179255568040188,0
0.605618434774512,0.234078225788697,0
0.737385862384637,0.834451322832355,0
0.814741950861524,0.444154573345629,0
0.426915582933889,0.0307943746590961,0
0.422887564833689,0.99229755252241,0
0.637389899993963,0.874020496790307,0
0.856767730255037,0.296019738212237,0
0.146076598738356,0.77882661939544,0
0.9698092322656,0.719176642465953,0
0.0337899136514356,0.615712653666601,0
0.549225362273504,0.0590623957380012,0
0.458977368408338,0.0401125163958001,0
0.808244575191403,0.910899027209216,0
0.0137172183085779,0.774074628843961,0
0.938377515849833,0.312563630897814,0
0.382706705193364,0.899529284285162,0
0.309083388796581,0.32328888975237,0
0.668153264870939,0.0634609251578622,0
0.106788160794782,0.044282848967371,0
0.817899153948715,0.678182497936386,0
0.0531763690771425,0.0408903900724325,0
0.661854865803316,0.882707775050173,0
0.761713762190991,0.293127887553129,0
0.856794220328701,0.0210220464603147,0
0.82127121361963,0.502320156200938,0
0.177501479246421,0.903202678497509,0
0.784447854750067,0.313856729452432,0
0.796950931100618,0.40902197752568,0
0.311964963708057,0.188510766340657,0
0.926286108291841,0.632661175277392,0
0.544490957886209,0.106650082909805,0
0.107333973100099,0.80701123355283,0
0.0438763904589584,0.716087054794695,0
0.71158173666875,0.753010972287977,0
0.244271759523205,0.647188000682363,0
0.227723188804334,0.398526997956693,0
0.808266935780769,0.86138151626167,0
0.0120555311497559,0.866847901077405,0
0.528062876094162,0.121708814111403,0
0.711413185909117,0.320886573438014,0
0.183345512572371,0.594770132375308,0
0.79324990873842,0.288602236792726,0
0.746948980142804,0.230237862668111,0
0.328136078700487,0.879570065941461,0
0.369814306204121,0.853397909949253,0
0.473994537011718,0.829652856490413,0
0.116179337779144,0.447810253336937,0
0.351910138666588,0.0615981701117,0
0.780890387846572,0.627855308180608,0
0.150471751648221,0.790567492503006,0
0.923560219781268,0.86604544374442,0
0.140984939942595,0.677772671765542,0
0.15971344484003,0.154711887778114,0
0.0301035349397471,0.537163883232122,0
0.585484422550297,0.249588568345452,0
0.187046445993263,0.738325903535972,0
0.304680396013279,0.802933508904154,0
0.271073897495435,0.618623542887449,0
0.0200063930917561,0.914852404461639,0
0.931984578227617,0.361158164386245,0
0.0769033725731556,0.421822761847555,0
0.0203233445157871,0.408549091968941,0
0.759684529509248,0.0626532826864409,0
0.389394743549356,0.0849932996020621,0
0.00087132351513548,0.772448239276394,0
0.208900404259982,0.852239155141748,0
0.426550964092161,0.00218956405398881,0
0.0158539959303355,0.074785804410831,0
0.165958795308116,0.736130623489679,0
0.146982814719427,0.493484571805915,0
0.77970934090191,0.657147914011566,0
0.903158049985374,0.0321035869569069,0
0.725533923472061,0.0333426632142359,0
0.00511595793306639,0.579882250437458,0
0.980497188391395,0.374263686767902,0
0.404190724903806,0.2002780186945,0
0.568147134766051,0.880531303994605,0
0.568843835764026,0.794023352579225,0
0.321151712127566,0.754708691851566,0
0.520751349404804,0.205403765293492,0
0.909351953263093,0.21169843394854,0
0.421381348940256,0.745015826888855,0
0.0283539812212596,0.530923047815879,0
0.961457829438829,0.918905026241627,0
0.827641842806545,0.586269781266465,0
0.215980615101746,0.0208108848989061,0
0.327488689835877,0.214969861421254,0
0.824115792673135,0.957912500462454,0
0.598287661838479,0.128199701722804,0
0.952387725446554,0.566239229201451,0
0.0822692038874464,0.91828506389553,0
0.95577162269306,0.623490436758609,0
0.29604525505381,0.303953121092149,0
0.957892057000609,0.0103148925166181,0
0.446469979102942,0.82915293836461,0
0.837038165813795,0.0934443269360086,0
0.518053251559871,0.0386869698011721,0
0.692574987044826,0.0627857344517418,0
0.553028619174393,0.113279717561453,0
0.30639897766821,0.0835424680651829,0
0.474729843658735,0.121144052651312,0
0.112666563649041,0.130925506414345,0
0.186234851454494,0.66098815000662,0
0.556730487177489,0.249015103675898,0
0.040013381764299,0.858299919338105,0
0.845334312340866,0.286311835183907,0
0.599026424157911,0.0532559720115997,0
0.809476770837548,0.711599194310419,0
0.120258358363182,0.792235149439534,0
0.869206478758346,0.906828596678948,0
0.285447743388567,0.0324168363737021,0
0.943661950502387,0.384124966051488,0
0.277334394062559,0.257019930638848,0
0.875502176524839,0.354727322400886,0
0.994156956669948,0.843115461917182,0
0.0706873862401989,0.779253873871292,0
0.0464384346485317,0.986544693348252,0
0.550021677999767,0.788620638562655,0
0.109074610801914,0.393220577106448,0
0.601737119071994,0.266646528740715,0
0.928281843163204,0.10367335616782,0
0.957552932648711,0.499067332827983,0
0.148338315611863,0.694093450295782,0
0.682528841161415,0.298197652352135,0
0.971006793422162,0.0847649705059663,0
0.295260284699155,0.825409369461895,0
0.163700691034878,0.89810115373605,0
0.870172179243608,0.0835774657705694,0
0.298283972916326,0.974188172712078,0
0.995393440590889,0.44007564309988,0
0.786948361800494,0.283331034836979,0
0.317382919749889,0.137240395013821,0
0.78622109619259,0.962276674323844,0
0.443116645069382,0.152348828107281,0
0.0849730438017161,0.184790682599317,0
0.68771577658491,0.733314041855426,0
0.146870106061394,0.699695005873076,0
0.892482696516664,0.885074148832389,0
0.253343239078924,0.540886505293141,0
0.911042244597823,0.398606238606668,0
0.662342130049291,0.87497434573014,0
0.0897817993954671,0.291148970039165,0
0.717588479499141,0.323970225790502,0
0.436666241584656,0.964163655864151,0
0.963212076091772,0.311281855828726,0
0.266957558815813,0.0706169605583963,0
0.385978376672593,0.0231449422534299,0
0.625916234043388,0.160434512030536,0
0.0529185584992722,0.0531813912341285,0
0.16675939698087,0.914474686567893,0
0.944833611578137,0.923497891949256,0
0.555663155184902,0.966747350975288,0
0.295135611805662,0.805758208877294,0
0.163677380496486,0.207046567093137,0
0.939724155673629,0.0422589620772092,0
0.816086043518077,0.871505639455982,0
0.337349839665624,0.788617405941997,0
0.00782033242649414,0.532058228055042,0
0.0893345280035094,0.446421502365927,0
0.194089146886994,0.915926150938462,0
0.414056460565914,0.749148120986832,0
0.666078532424792,0.0688187550142495,0
0.101460069930861,0.798999870102387,0
0.819931753361566,0.932129777470664,0
0.369533596266775,0.852680676548127,0
0.818294475701775,0.686893538426093,0
0.714738673397684,0.919902454093053,0
0.817655383524324,0.643783615270529,0
0.54063292571373,0.78380264052367,0
0.123093210683713,0.523913190012757,0
0.308974425452284,0.297147281140623,0
0.000329309608940645,0.567870150584667,0
0.80838624798152,0.0783593082234074,0
0.958172869383438,0.552806317132342,0
0.784835128479095,0.964277903067078,0
0.720135521013353,0.251771177748112,0
0.140081796394699,0.533727030052676,0
0.600131349451901,0.241367119011174,0
0.172359050331804,0.663811650436284,0
0.0976211699180404,0.872447588421613,0
0.531498530195792,0.826779764530612,0
0.575987868744874,0.939671704517525,0
0.277974366805504,0.341388162850117,0
0.230070887706276,0.74892579333341,0
0.080412262622459,0.443516293281464,0
0.134833602297508,0.740831733560577,0
0.00171126378779824,0.8607269301362,0
0.189074766910204,0.785149163932143,0
0.843593543322568,0.702769959207051,0
0.893559870726224,0.685370326361326,0
0.569156002052667,0.192972533494687,0
0.765713861568698,0.0801723390259651,0
0.943344757400148,0.134427163812531,0
0.711001930623782,0.27345734521442,0
0.48129343217299,0.82728964128871,0
0.88867356436731,0.969779919353211,0
0.971869942719056,0.894518945782687,0
0.0738204461866154,0.100071766460348,0
0.55949936367548,0.817346287806214,0
0.377857213550181,0.251856261050262,0
0.80088915759739,0.41854709871977,0
0.549145711841595,0.890966467042904,0
0.491953297281616,0.966032612121679,0
0.46218634185483,0.904978508085468,0
0.740594993224645,0.626060964831179,0
0.115317551938499,0.98297655861032,0
0.87986248074093,0.599047499987785,0
0.0418411959157517,0.335989979717876,0
0.161796033923419,0.072411283884389,0
0.889735201788012,0.419419242730094,0
0.637995600531807,0.221617449643844,0
0.240760631505754,0.888530332543203,0
0.721224177033279,0.138427793112783,0
0.889306744974715,0.185696932108,0
0.24173877492628,0.461787867109192,0
0.511918619979135,0.0790999075766187,0
0.723426017781452,0.694754419706182,0
0.393025206119299,0.205594801439715,0
0.85384672174875,0.970314066377615,0
0.785472437173814,0.312264812324319,0
0.953806699232108,0.542877954683675,0
0.861100613540551,0.358865063804605,0
0.251674126485211,0.15348563816095,0
0.513285910484048,0.0108704241043285,0
0.292143220683626,0.74288709356584,0
0.559202646165715,0.75353103957769,0
0.45957771896365,0.235630414092741,0
0.353335468728717,0.759951295219339,0
0.614392672485855,0.272107112813791,0
0.278947817757236,0.994640652553477,0
0.460389239462274,0.934839608583059,0
0.0481509110183226,0.789446039492938,0
0.0143006891078785,0.852258556919293,0
0.405091840031134,0.892896048209116,0
0.541086371308699,0.00463746255479635,0
0.280358249917793,0.811390473419517,0
0.269038632171712,0.826341414277601,0
0.852475010721234,0.0426368238602936,0
0.570011019972158,0.173916435415818,0
0.0210292218350941,0.129614318781353,0
0.901798938820976,0.543999562758952,0
0.472280647359919,0.0485242344664988,0
0.202928364371382,0.54743332441311,0
0.965803752637377,0.0997724039944692,0
0.242187780440872,0.752807725571472,0
0.622997363853733,0.908375605898153,0
0.531762798564398,0.0364109915850735,0
0.3290663973098,0.257117636155858,0
0.0738909640693529,0.518688133693621,0
0.985620698884884,0.14561087179259,0
0.0127158057935144,0.987536077381827,0
0.245867246410748,0.605018841850114,0
0.73956263937967,0.334988959289616,0
0.502296195599388,0.181160368575324,0
0.0659661921979702,0.214521167434063,0
0.944725752782415,0.260533303609366,0
0.781831179178241,0.707851494992083,0
0.385023582906008,0.0824511172633856,0
0.839781741071391,0.130330720511419,0
0.715393827164263,0.915860155558148,0
0.550582957710411,0.195906677374573,0
0.685468406735672,0.740876641935146,0
0.421716694450805,0.12097967188851,0
0.751139804604994,0.875901365129231,0
0.135035747725068,0.644368021583356,0
0.979070646678596,0.39103849995464,0
0.825538304553152,0.549522359180042,0
0.969083927091716,0.898192693897613,0
0.960272027161099,0.981171272686297,0
0.788212878530944,0.242071124837767,0
0.988076808856836,0.321398330536391,0
0.280219394844128,0.230782105694889,0
0.298722860542463,0.765732276144313,0
0.920551330745477,0.716366738880224,0
0.798988917748904,0.412044613348341,0
0.164099954610737,0.811676535667701,0
0.214262956387486,0.0969285327461215,0
0.864444739122151,0.836964420432674,0
0.175240672740732,0.772559100190438,0
0.979010029686154,0.44648077406291,0
0.118320355712585,0.262002837966198,0
0.196432642730154,0.394426220280317,0
0.687344932317429,0.0624682596244236,0
0.680044637378326,0.77789923864319,0
0.180136405481089,0.580430777548082,0
0.110543692070313,0.261376447631687,0
0.874348594282916,0.564081075398289,0
0.307463900794957,0.146049948011548,0
0.466022755702037,0.0572067108271675,0
0.546304397073716,0.128245205212499,0
0.0404239744136222,0.320475453660113,0
0.790306343599365,0.0723165292629583,0
0.954330553745073,0.778011146829469,0
0.0842082612608598,0.521932883431172,0
0.609422964793361,0.0535360719326586,0
0.0187497804960002,0.181860779496776,0
0.086601531639044,0.266714417499823,0
0.840565190110619,0.593578770567467,0
0.161496914998394,0.774869759462247,0
0.394207094513908,0.962762614694779,0
0.904234180647989,0.684570556825293,0
0.998793123289381,0.36578472906993,0
0.869118286235779,0.0706038577810879,0
0.189527713781934,0.911244379315173,0
0.0744299078706791,0.378725260672497,0
0.139088308969088,0.909262012648053,0
0.974977664172173,0.459217170932897,0
0.626845699095561,0.91637800117786,0
0.14526650595724,0.987873088097141,0
0.872911806159146,0.851028280263314,0
0.692073680317064,0.929836179097107,0
0.747470801112927,0.978475875676831,0
0.356365838254041,0.886083151160778,0
0.225496963702839,0.552941892553559,0
0.996119123416077,0.957568296677232,0
0.483965174054711,0.834793533587266,0
0.632653617129034,0.0351308253757334,0
0.202777531558078,0.305953313273356,0
0.114475172997674,0.232436025623435,0
0.721249513663933,0.255117244671619,0
0.576909063652581,0.99401702685003,0
0.388674384629668,0.0333626116781321,0
0.919006010945424,0.890054663592044,0
0.073413047042402,0.43016760909472,0
0.330815232047259,0.864061775554,0
0.0317779327890733,0.991843657564299,0
0.179850136944954,0.936319105763137,0
0.743034976880548,0.875343006046183,0
0.104877466850391,0.974672168947138,0
0.774765135149828,0.511139268759237,0
0.755199342852086,0.876903987897981,0
0.838427778258188,0.0021623722287651,0
0.0109741496904633,0.0784261175796511,0
0.0919385469015402,0.28410671990556,0
0.122885009331109,0.582404119233789,0
0.768005431987348,0.364054753148954,0
0.84217282516983,0.229494703574802,0
0.333511274928931,0.926591646823376,0
0.794189352446324,0.954787378178345,0
0.680621058065733,0.0310957357432208,0
0.65678899253569,0.917993325701912,0
0.141617972469711,0.254328675686535,0
0.260522861154993,0.219964637523501,0
0.923151669988014,0.7635027313435,0
0.908002525059508,0.0102341780486676,0
0.679645594991579,0.918331584389476,0
0.176751752000652,0.0668806485211852,0
0.0820157025391309,0.996891322078598,0
0.286760191566665,0.819979910189277,0
0.253003822291737,0.0352463885374583,0
0.673914793726949,0.23528708575074,0
0.370874642101524,0.262532571452918,0
0.356284200379757,0.217008462742441,0
0.292502818765353,0.938678623614218,0
0.986645232414196,0.799441763572135,0
0.822423775597673,0.151792083937578,0
0.00775857176992976,0.966450633931184,0
0.772585316920926,0.852990671458184,0
0.795193883960691,0.84639224356338,0
0.592906845078295,0.056439497068729,0
0.758971856794773,0.857558360722642,0
0.25513684761484,0.181981301019891,0
0.65501422931208,0.808596245389709,0
0.831576563805145,0.246637836213521,0
0.957805782071224,0.931015725215439,0
0.619910528706345,0.0840375260841276,0
0.955052250975302,0.335342652320556,0
0.907700539057935,0.104939150207182,0
0.777058331657694,0.00386134116158883,0
0.823993515606967,0.815785716667672,0
0.228149515682901,0.53589122813935,0
0.564336871059768,0.167928824745085,0
0.21739115808969,0.332720076354556,0
0.804220419751583,0.0246744449365299,0
0.84498358976328,0.307342820478297,0
0.785781638131375,0.774055013793546,0
0.1023398507863,0.227525281825813,0
0.571184574426703,0.182654579720765,0
0.257782731325264,0.913680792280324,0
0.419084196639752,0.990634737066289,0
0.529473259825946,0.0294516799177284,0
0.254666146940862,0.361571015492813,0
0.0473723388497589,0.764754467068591,0
0.470877671367897,0.167514164078754,0
0.96285282306506,0.84109538320503,0
0.94931811464453,0.867288951234561,0
0.099277021409607,0.3454282182946,0
0.693475758979784,0.956175968496211,0
0.434035311189497,0.103368740576957,0
0.563422005420282,0.760743807889868,0
0.0177608248860393,0.276454018091994,0
0.0993516040497234,0.769264009673737,0
0.967645145006313,0.247903805341527,0
0.865719117627348,0.598154102730637,0
0.245275497085077,0.0954872710143622,0
0.0302153267107044,0.965691938049017,0
0.703955215729752,0.189717136877457,0
0.0517714969123581,0.332734403355389,0
0.552000100515783,0.867104934000925,0
0.737922727473975,0.299704231927034,0
0.456167243167836,0.247392796560839,0
0.0904974756252474,0.561725479346572,0
0.874608703830563,0.212975520739786,0
0.904347166374487,0.865640777100642,0
0.858908955873413,0.705952495199606,0
0.904005645263943,0.621451739976859,0
0.0805047159458067,0.292014281867079,0
0.0816079466983713,0.604231039343509,0
0.78469662078875,0.91163902353106,0
0.429251666846337,0.180261142170178,0
0.866110662867367,0.493766288968626,0
0.919178079310422,0.683747479544835,0
0.721359942909963,0.893142897585939,0
0.00155974645240221,0.164209236001693,0
0.672528133109458,0.946933729083712,0
0.0470418865080187,0.0712968493212465,0
0.930301979617356,0.00152179785143668,0
0.273969761223518,0.37738352798735,0
0.282992808280044,0.846740165188322,0
0.199697597510972,0.0696756067078913,0
0.285014450217138,0.906055814542834,0
0.871567801512577,0.0213580886001504,0
0.0664102007012862,0.719860419500554,0
0.455871726598531,0.944722710151562,0
0.540737538384617,0.155285534521232,0
0.788910280814818,0.63776081504196,0
0.682129173391559,0.778959650909044,0
0.914719057229682,0.575889477774449,0
0.892229918805989,0.893569468936682,0
0.965519403557069,0.809037180528528,0
0.0567268198620187,0.754044185743688,0
0.669648878122516,0.760864143614128,0
0.902962154197955,0.969098909277981,0
0.00107416231235217,0.147524821175041,0
0.170123076145595,0.947002828562168,0
0.967349496189202,0.162712167092931,0
0.0334538482285355,0.190581384669329,0
0.256658915549824,0.410682095405963,0
0.208462077755696,0.84807341678444,0
0.383865484680918,0.206102360135923,0
0.36972680658555,0.721750969403307,0
0.797496544102904,0.268233576914404,0
0.705350883633527,0.961308549140258,0
0.212552238820378,0.787066473526445,0
0.116804278510066,0.85753603040126,0
0.123831571603115,0.0312314285110829,0
0.819659778764313,0.019727528570093,0
0.858844398920817,0.816254227802276,0
0.855009018376008,0.275922584010252,0
0.942545421860435,0.514090166200926,0
0.0896795154966784,0.182556149634792,0
0.184623828243755,0.0133617529707783,0
0.081329687536382,0.384119156926926,0
0.110888374555338,0.999512115958851,0
0.206066764987105,0.0964112510422297,0
0.116787865812326,0.0771432053656984,0
0.0177347292274864,0.0438111294264957,0
0.261330167418965,0.935258539829058,0
0.271240605167691,0.306766774182565,0
0.0948116593504379,0.418076055319084,0
0.188548235776158,0.540256412485734,0
0.865031867690865,0.0695714718054847,0
0.156295590641115,0.78765971436522,0
0.75638551207091,0.749005942022896,0
0.969767238465029,0.20919412803333,0
0.249952880316392,0.762141303979857,0
0.846341296027573,0.876078237721733,0
0.753251583200531,0.581563823661564,0
0.948335846861981,0.239478473197426,0
0.602729424649258,0.0198218426759456,0
0.325491419679248,0.791086493428371,0
0.101333493414025,0.0384800299249962,0
0.602530321852551,0.969070171457282,0
0.528986941338045,0.199254663753908,0
0.276844476478568,0.696299562089285,0
0.402783463896617,0.215478308133538,0
0.928549829837191,0.573616500279688,0
0.883809253053651,0.82617283883792,0
0.520940840952536,0.159113376941119,0
0.269748597997124,0.912370897788727,0
0.158406211137029,0.0379356639636381,0
0.934750466577127,0.0591536294944368,0
0.981946533537445,0.29775752513565,0
0.115637257749046,0.192558826968334,0
0.791723834253719,0.997490108477646,0
0.0318068671188349,0.821339467457188,0
0.355920008083768,0.809829851058233,0
0.973928956768442,0.236121550312322,0
0.480519724302236,0.988771114958809,0
0.768494477387748,0.563063592446532,0
0.635978605894362,0.242251991407132,0
0.541192319496159,0.212499853788176,0
0.382226858000377,0.238014424330562,0
0.613539596839594,0.0650928938133143,0
0.0749226143001218,0.990771547886902,0
0.0234149405841785,0.859340286282515,0
0.71716873381155,0.201923791878821,0
0.845110738577838,0.304091782450719,0
0.984838158350828,0.300280071003493,0
0.382145590792478,0.962573992071009,0
0.345854811531424,0.236565391643236,0
0.754993954093658,0.136765360430239,0
0.0704967379898283,0.0924548781907441,0
0.941425662926131,0.873621650446962,0
0.212378030741763,0.605222099276829,0
0.918008080645468,0.106166620322581,0
0.730786560909258,0.00953391101655267,0
0.0428649978911807,0.135246238734222,0
0.998699830844393,0.601233403478392,0
0.910415470558412,0.708682986772006,0
0.781279274626299,0.549285605805593,0
0.506013584093197,0.961986180842848,0
0.681726369392931,0.978394702998174,0
0.0140089648840991,0.305784444467064,0
0.281925983392599,0.0428496576113858,0
0.779772627530514,0.549489922146075,0
0.683224572186929,0.19867751244394,0
0.0522471945976127,0.422472326747362,0
0.660930008003921,0.876302619872756,0
0.00931899808781175,0.826278372586834,0
0.786005260788838,0.405462722948502,0
0.866167900555845,0.36586387751897,0
0.466283456173857,0.792058035634485,0
0.164463197889022,0.511285333200956,0
0.904365360226652,0.183532041582992,0
0.371255811476733,0.949027397180454,0
0.894130006848895,0.237012623919646,0
0.911798384465183,0.0369228250519013,0
0.405020516088708,0.924140173440864,0
0.840563023854309,0.881104551665999,0
0.686345072317098,0.210546193742448,0
0.27178133291741,0.135174872416619,0
0.448894173115908,0.0655303728140566,0
0.228010584706446,0.0457250103567378,0
0.0820288746999711,0.0427829912131573,0
0.0946567175419334,0.16256093753621,0
0.894923996597027,0.36152391757887,0
0.214675308305153,0.666906536867333,0
0.154096483790361,0.10898122569033,0
0.453188269610139,0.146033022620731,0
0.157464777658444,0.889535027504682,0
0.855388215210004,0.548557460563517,0
0.70903612473469,0.682021321580755,0
0.533143927125793,0.0933771934795087,0
0.962240576726496,0.98071433416601,0
0.129499169592512,0.44872845590521,0
0.602575498913683,0.224815290060274,0
0.264961142681987,0.390570609546532,0
0.994995560029054,0.644968251066733,0
0.618414625347785,0.203952333984874,0
0.304499087997013,0.0299263289337635,0
0.226228445408041,0.474572418478584,0
0.00525470637029722,0.216627359025472,0
0.87860636919672,0.283468817027038,0
0.678812865018292,0.771458818005146,0
0.560802223887668,0.938302642637073,0
0.18110890508681,0.822833208284729,0
0.719079011920411,0.0465584183328591,0
0.0304440870091524,0.122493813802718,0
0.476449939644174,0.944080918535628,0
0.894232114727717,0.440241397563481,0
0.699366228980648,0.340704608867273,0
0.709875204465294,0.130412638713798,0
0.236733364517211,0.632739126511262,0
0.844175013175316,0.886935761145752,0
0.0852469825582798,0.435532319562292,0
0.25493190635691,0.16378356523988,0
0.802630368993911,0.553368640855592,0
0.166947151612,0.745191330902833,0
0.530486743212904,0.17455909455873,0
0.797651940862486,0.294493832762583,0
0.703426135100157,0.754194246024915,0
0.862609783589193,0.249651849851781,0
0.593413727168652,0.815034386615751,0
0.355461305638524,0.245144968966555,0
0.855405578322432,0.136249870590982,0
0.940862962482899,0.257463992227551,0
0.235065489185539,0.899459119839342,0
0.363285547291527,0.798423309250932,0
0.185362073213496,0.339257829980579,0
0.196553972641264,0.537342274346083,0
0.838777741342214,0.071216670829438,0
0.82289787187376,0.389021960268273,0
0.435495464799691,0.239916987828872,0
0.104728821248155,0.764129572903798,0
0.17593383052197,0.143216518286251,0
0.799503310024507,0.441343454383939,0
0.952718596417791,0.360280330460649,0
0.0873699654300557,0.350506000383993,0
0.893759905776829,0.702144709742695,0
0.687655853893448,0.873354172275101,0
0.15530598263969,0.248582493163917,0
0.157931276204964,0.168065995056213,0
0.665525594104792,0.893588491665939,0
0.961196047235837,0.129839735166095,0
0.917674212212523,0.994214406699973,0
0.161041860543677,0.298071327292394,0
0.969110054880898,0.514320906025507,0
0.00892862352027028,0.83928224297207,0
0.376215273689579,0.136562103934848,0
0.595031971854638,0.842927689590923,0
0.990248245182563,0.458456531380516,0
0.855299186825426,0.0643025045582571,0
0.328973845266259,0.230920429449026,0
0.730896033687003,0.786366461211055,0
0.109152776239977,0.78306511965723,0
0.379435146869829,0.257377621837602,0
0.956587989794364,0.449042826168725,0
0.895497123662148,0.666080560379699,0
0.433705696572413,0.101689419290838,0
0.161294964682914,0.861388551472401,0
0.127221123374636,0.753804110341614,0
0.0356238400729484,0.391216085940234,0
0.166651590804873,0.814877977042868,0
0.618894304902709,0.819648509761155,0
0.374001462186687,0.927616417839945,0
0.518623565565154,0.180774701843399,0
0.249775757663779,0.486529818031252,0
0.848667318862242,0.678647273536142,0
0.23504549648382,0.236642823664771,0
0.916877525819874,0.836495244333751,0
0.504814447604499,0.139170411107675,0
0.849409169912994,0.377649000556045,0
0.554487186742242,0.79852276844835,0
0.185446068265217,0.126136716048297,0
0.0667469348137951,0.0701595088793708,0
0.398039845935088,0.787269876705143,0
0.820757791782151,0.232763765022514,0
0.77557949059437,0.865185144294605,0
0.195664223374643,0.942082946627439,0
0.414532426937731,0.11472701472916,0
0.708580699613588,0.355987444220105,0
0.344613043751853,0.296565810822214,0
0.0846752445607797,0.811610810836596,0
0.716794159131494,0.745302165739845,0
0.903285419523383,0.724903393408704,0
0.823869653429775,0.076366697007961,0
0.715351820325177,0.113839380030445,0
0.129933299557275,0.532999041272793,0
0.0671275491207501,0.353554707650819,0
0.228157257301806,0.642452023756901,0
0.0399068952723904,0.957182014341085,0
0.012940561870551,0.572559539495297,0
0.915190617048736,0.902777968394932,0
0.928143277730859,0.559290051720706,0
0.0937909218919421,0.592775359560165,0
0.0995847224721614,0.219071414889335,0
0.835779196971925,0.648290789522366,0
0.211768990946826,0.935271890338171,0
0.23042149014325,0.716104406265591,0
0.0392567548152324,0.275684319099264,0
0.545976499349799,0.836097683681221,0
0.427831295145597,0.902764880984446,0
0.0149958003382179,0.30542821777306,0
0.677403464297486,0.281353583224748,0
0.111368163075004,0.254993232085832,0
0.939126405836608,0.649155084346028,0
0.249392267432712,0.649544672411654,0
0.185900609095535,0.127239963564668,0
0.68407188294645,0.849710026220283,0
0.755466867590075,0.658497606710763,0
0.620426134495263,0.855898081257892,0
0.283772744370519,0.215674788325874,0
0.483113327754249,0.897442376193331,0
