seed,estimator,canonical,structural,near_zero_b,k_canonical,b,k_ols,two_pi_error,quad_contam,dense_neurons,pruned_neurons,dense_edges,pruned_edges,linear_hid,sq_linear,val_loss,test_rmse,fidelity_max,fidelity_pass,reason
1,raw,1,1,1,6.62816029317285,-3.17515531674606,6.62816029317286,0.0549044742638857,0,24,11,276,28,9,0,9.24195003263785E-07,0.693412939632767,1.77635683940025E-15,1,canonical C = b + k r
2,raw,1,1,1,6.62728977280721,-2.78299555353796,6.6272897728072,0.0547659266446319,0,24,2,276,1,0,0,9.05495695763599E-07,0.655144151175379,2.66453525910038E-15,1,canonical C = b + k r
3,raw,1,1,1,6.62718204146949,-2.74541431184188,6.62718204146945,0.0547487806697073,0,24,2,276,1,0,0,9.97791398967671E-07,0.669809827167604,8.88178419700125E-16,1,canonical C = b + k r
4,raw,1,1,1,6.62452768679943,-2.10137780841477,6.62452768679948,0.054326327003248,0,24,10,276,24,8,0,1.18611244499421E-06,0.776493667581056,1.06581410364015E-14,1,canonical C = b + k r
5,raw,1,1,1,6.62740446121758,-2.82737656711428,6.62740446121758,0.0547841798720564,0,24,2,276,1,0,0,9.50921370717669E-07,0.611608189916628,4.44089209850063E-15,1,canonical C = b + k r
6,raw,1,1,1,6.62732383558266,-2.79890683106137,6.62732383558267,0.0547713479037189,0,24,2,276,1,0,0,8.1823613603247E-07,0.620764803357181,4.44089209850063E-15,1,canonical C = b + k r
7,raw,1,1,1,6.62969371244649,-3.52923142436389,6.62969371244651,0.0551485255211173,0,24,11,276,26,9,0,1.43875096163111E-06,0.701859268409777,9.76996261670138E-15,1,canonical C = b + k r
8,raw,1,1,1,6.62813184873156,-2.76483414760623,6.62813184873158,0.054899947190451,0,24,2,276,1,0,0,8.68313816077494E-07,0.724113255707386,3.5527136788005E-15,1,canonical C = b + k r
9,raw,1,1,1,6.62753256309677,-2.80501038977339,6.62753256309677,0.0548045679193501,0,24,2,276,1,0,0,8.94420022466556E-07,0.691902047201821,3.5527136788005E-15,1,canonical C = b + k r
10,raw,1,1,1,6.62743141694182,-2.81503350184342,6.62743141694182,0.0547884700088151,0,24,2,276,1,0,0,7.72231725059575E-07,0.705014178198181,3.5527136788005E-15,1,canonical C = b + k r
11,raw,1,1,1,6.6275874113268,-2.82380327737759,6.6275874113268,0.0548132972862782,0,24,2,276,1,0,0,9.7251215281255E-07,0.672085981696487,3.5527136788005E-15,1,canonical C = b + k r
12,raw,1,1,1,6.62598441579878,-3.31472401480373,6.62598441579879,0.0545581726242407,0,24,12,276,33,10,0,2.36271292381142E-06,1.19051938003158,3.5527136788005E-15,1,canonical C = b + k r
13,raw,1,1,1,6.62796890511912,-2.34557600683247,6.62796890511913,0.0548740139090857,0,24,14,276,84,12,0,1.90697599501068E-06,0.958608508501183,3.5527136788005E-15,1,canonical C = b + k r
14,raw,1,1,1,6.62789689312224,-2.86867269446368,6.62789689312224,0.0548625528438206,0,24,2,276,1,0,0,1.17393877089949E-06,0.659423472026298,4.44089209850063E-15,1,canonical C = b + k r
15,raw,1,1,1,6.62723830066765,-2.71744274970528,6.62723830066771,0.054757734599189,0,24,2,276,1,0,0,1.04533155985465E-06,0.618853826248798,8.88178419700125E-16,1,canonical C = b + k r
16,raw,1,1,1,6.62742423417537,-2.75630174568897,6.62742423417521,0.0547873268360297,0,24,2,276,1,0,0,9.89169769376182E-07,0.68338489647824,4.44089209850063E-15,1,canonical C = b + k r
17,raw,1,1,1,6.62730588453058,-2.82262890703914,6.6273058845306,0.0547684909050479,0,24,2,276,1,0,0,1.03959998871497E-06,0.66326080793388,2.66453525910038E-15,1,canonical C = b + k r
18,raw,1,1,1,6.62743373220612,-2.83007994123674,6.62743373220611,0.0547888384945718,0,24,2,276,1,0,0,9.46684485002052E-07,0.669253082543769,3.5527136788005E-15,1,canonical C = b + k r
19,raw,1,1,1,6.62714642590013,-2.76647924340883,6.62714642590014,0.0547431122757928,0,24,2,276,1,0,0,8.70099002662308E-07,0.671071329391745,1.77635683940025E-15,1,canonical C = b + k r
20,raw,1,1,1,6.62759222310482,-2.92256899104243,6.62759222310481,0.054814063104536,0,24,2,276,1,0,0,8.74302765107924E-07,0.741448278691627,2.66453525910038E-15,1,canonical C = b + k r
21,raw,1,1,1,6.62748123653544,-2.99149436227668,6.62748123653545,0.0547963990434022,0,24,2,276,1,0,0,8.08905116791719E-07,0.728335391908659,1.77635683940025E-15,1,canonical C = b + k r
22,raw,1,1,1,6.62691102996543,-2.76610717130588,6.62691102996542,0.0547056478492011,0,24,2,276,1,0,0,1.07666533162697E-06,0.661046946174108,1.77635683940025E-15,1,canonical C = b + k r
23,raw,1,1,1,6.63093684524968,-2.4736691514641,6.63093684524971,0.0553463762516642,0,24,11,276,29,9,0,4.38413336326575E-06,1.43971167150761,1.15463194561016E-14,1,canonical C = b + k r
24,raw,1,1,1,6.62745901229042,-2.85067124076718,6.62745901229041,0.0547928619449509,0,24,2,276,1,0,0,8.79320906742206E-07,0.694781641123073,1.77635683940025E-15,1,canonical C = b + k r
25,raw,1,1,1,6.62753639091035,-2.85806396630133,6.62753639091039,0.0548051771348015,0,24,2,276,1,0,0,9.64146999161113E-07,0.676320733775327,3.5527136788005E-15,1,canonical C = b + k r
26,raw,1,1,1,6.62745598564261,-2.8462550507007,6.62745598564261,0.0547923802389904,0,24,2,276,1,0,0,8.48622723874125E-07,0.695841583529841,8.88178419700125E-16,1,canonical C = b + k r
27,raw,1,1,1,6.62739375038612,-2.83755422046253,6.62739375038614,0.0547824751902852,0,24,2,276,1,0,0,9.92364269696466E-07,0.668514642478134,2.66453525910038E-15,1,canonical C = b + k r
28,raw,1,1,1,6.62593439403974,-2.87369000347532,6.62593439403976,0.0545502114140264,0,24,12,276,37,10,0,1.31450741777859E-06,0.816770026053349,3.5527136788005E-15,1,canonical C = b + k r
29,raw,1,1,1,6.62519158134778,-2.87751548590404,6.62519158134776,0.0544319891023093,0,24,13,276,54,11,0,2.07427662795075E-06,1.01946532159464,7.99360577730113E-15,1,canonical C = b + k r
30,raw,1,1,1,6.62752333966769,-2.73807571351974,6.62752333966771,0.0548030999650199,0,24,2,276,1,0,0,9.19595755067128E-07,0.69184159306081,4.44089209850063E-15,1,canonical C = b + k r
1,improved,1,1,1,6.62752983462714,0.0128749488169175,6.62752983462717,0.0548041336699211,0,24,2,276,1,0,0,8.10575678950675E-07,21.2942088040414,1.77635683940025E-15,1,canonical C = b + k r
2,improved,1,1,1,6.61977255261522,1.53190058417865,6.61977255261523,0.0535695238927665,0,24,2,276,1,0,0,3.53209616375731E-06,1.36989185763104,3.5527136788005E-15,1,canonical C = b + k r
3,improved,1,1,1,6.62283509587469,1.47060913843055,6.62283509587468,0.054056942790944,0,24,2,276,1,0,0,2.00528255803498E-06,0.905461604027729,4.44089209850063E-15,1,canonical C = b + k r
4,improved,1,1,1,6.62736831951355,0.612257369236133,6.62736831951353,0.0547784277412082,0,24,9,276,23,7,0,1.63361877802312E-06,0.893746896594778,4.44089209850063E-15,1,canonical C = b + k r
5,improved,1,1,1,6.62740446121775,0.00105055758116706,6.62740446121775,0.0547841798720837,0,24,2,276,1,0,0,0.000933271186029647,0.611608189928474,2.66453525910038E-15,1,canonical C = b + k r
6,improved,1,1,1,6.62732383558288,0.0295202936228301,6.62732383558287,0.0547713479037551,0,24,2,276,1,0,0,8.18236136008835E-07,21.2831531436678,2.66453525910038E-15,1,canonical C = b + k r
7,improved,1,1,1,6.63081176021307,-0.850166907169651,6.63081176021308,0.0553264683497807,0,24,14,276,88,12,0,1.74676332112042E-06,0.767766121872317,1.06581410364015E-14,1,canonical C = b + k r
8,improved,1,1,1,6.62605730415768,-0.0305736868993836,6.62605730415766,0.0545697731668524,0,24,14,276,81,12,0,1.46395571543631E-06,0.809047907365034,7.105427357601E-15,1,canonical C = b + k r
9,improved,1,1,1,6.62401981135734,1.13953096233632,6.62401981135736,0.0542454961161642,0,24,2,276,1,0,0,1.44858066228996E-06,0.868815549425317,1.77635683940025E-15,1,canonical C = b + k r
10,improved,1,1,1,6.61956291845387,2.09565164961038,6.61956291845387,0.0535361595797464,0,24,2,276,1,0,0,2.64684201803771E-06,1.29237240006886,1.77635683940025E-15,1,canonical C = b + k r
11,improved,1,1,1,6.62758741132704,0.00462384729270204,6.62758741132705,0.0548132972863162,0,24,2,276,1,0,0,9.72512152807017E-07,21.297638202019,4.44089209850063E-15,1,canonical C = b + k r
12,improved,1,1,1,6.62716381303597,0.0487289457745464,6.627163813036,0.0547458795244084,0,24,2,276,1,0,0,0.000932396618188079,0.682884555526653,4.44089209850063E-15,1,canonical C = b + k r
13,improved,1,1,1,6.61715192755834,2.634063366813,6.61715192755838,0.0531524384609737,0,24,2,276,1,0,0,5.3293210623115E-06,1.50275729659003,4.44089209850063E-15,1,canonical C = b + k r
14,improved,1,1,1,6.62303119333288,1.38133802186298,6.62303119333286,0.0540881526707421,0,24,2,276,1,0,0,1.88625150554576E-06,0.824374222132951,8.88178419700125E-16,1,canonical C = b + k r
15,improved,1,1,1,6.62560918505274,0.892535142791945,6.62560918505275,0.0544984527962082,0,24,14,276,59,12,0,1.66598400591206E-06,0.729574706408892,4.44089209850063E-15,1,canonical C = b + k r
16,improved,1,1,1,6.62218256022013,1.62720237211788,6.62218256022012,0.0539530885159763,0,24,2,276,1,0,0,1.90032090972398E-06,0.953990530179245,8.88178419700125E-16,1,canonical C = b + k r
17,improved,1,1,1,6.62080697672959,1.78734904584025,6.6208069767296,0.0537341576038208,0,24,2,276,1,0,0,2.51140281184746E-06,1.13098907714678,3.5527136788005E-15,1,canonical C = b + k r
18,improved,1,1,1,6.61901372152547,2.25284353762667,6.61901372152548,0.0534487521738596,0,24,2,276,1,0,0,3.30005470396456E-06,1.28582672693641,5.32907051820075E-15,1,canonical C = b + k r
19,improved,1,1,1,6.62714643915882,0.0619441829448931,6.62714643915882,0.0547431143859792,0,24,2,276,1,0,0,8.7009866810038E-07,21.2778714166901,2.66453525910038E-15,1,canonical C = b + k r
20,improved,1,1,1,6.61996137744462,1.4359901935321,6.6199613774446,0.0535995762977427,0,24,2,276,1,0,0,4.00475525909073E-06,1.31481507331857,5.32907051820075E-15,1,canonical C = b + k r
21,improved,1,1,1,6.62095490397315,1.70589377867143,6.62095490397316,0.0537577009558519,0,24,2,276,1,0,0,2.13890944795514E-06,1.15792476024493,0,1,canonical C = b + k r
22,improved,1,1,1,6.62795860119981,-0.222119882705374,6.62795860119981,0.0548723739893934,0,24,14,276,87,12,0,1.1086257895182E-06,0.639780450529332,7.99360577730113E-15,1,canonical C = b + k r
23,improved,1,1,1,6.61896590592945,2.31221191348338,6.61896590592946,0.0534411420853962,0,24,2,276,1,0,0,3.17735315524581E-06,1.27663536219344,4.44089209850063E-15,1,canonical C = b + k r
24,improved,1,1,1,6.62745901229061,-0.0222441160763725,6.6274590122906,0.0547928619449808,0,24,2,276,1,0,0,8.79320906731434E-07,21.2873545870357,0,1,canonical C = b + k r
25,improved,1,1,1,6.62677568699486,0.190995839200849,6.62677568699486,0.0546841073464225,0,24,2,276,1,0,0,9.55542270188851E-07,0.677859287802836,0,1,canonical C = b + k r
26,improved,1,1,1,6.62510894618494,0.793200965927742,6.62510894618494,0.0544188373076713,0,24,2,276,1,0,0,1.01210487307554E-06,0.768637796481908,3.5527136788005E-15,1,canonical C = b + k r
27,improved,1,1,1,6.62737189050244,-0.0210261114073351,6.62737189050241,0.0547789960817418,0,24,2,276,1,0,0,0.000932913988760439,0.668478935151213,4.44089209850063E-15,1,canonical C = b + k r
28,improved,1,1,1,6.62493758330593,0.0613786756385485,6.62493758330592,0.0543915640584132,0,24,13,276,61,11,0,1.76405307306762E-06,0.943777077390178,2.88657986402541E-15,1,canonical C = b + k r
29,improved,1,1,1,6.62747614754023,-0.0418185356545068,6.62747614754021,0.0547955891046581,0,24,2,276,1,0,0,0.00093322915397564,0.660359168098429,5.32907051820075E-15,1,canonical C = b + k r
30,improved,1,1,1,6.62752333966795,0.0903514111515421,6.62752333966794,0.0548030999650609,0,24,2,276,1,0,0,0.000934817454114131,0.69184159305954,1.77635683940025E-15,1,canonical C = b + k r
